flight_id,flight_no,scheduled_departure,scheduled_arrival,departure_city,airport_name_dep,dep_longitude,dep_latitude,arrival_airport,airport_name_arr,arrival_city,arr_longitude,arr_latitude,timezone,status,actual_departure,actual_arrival,actual_duration,model,range,seats,fare_conditions,total_amount,min_amount,average_amount,max_amount
136119,PG0252,2017-01-03T10:05:00Z,2017-01-03T11:45:00Z,Anapa,Anapa Vityazevo Airport,37.347301483154,45.002101898193,SVO,Sheremetyevo International Airport,Moscow,37.4146,55.972599,Europe/Moscow,Arrived,2017-01-03T10:08:00Z,2017-01-03T11:49:00Z,0 years 0 mons 0 days 1 hours 41 mins 0.00 secs,Boeing 737-300,4200,12,Business,4831200.00,36600.00,36600.000000000000,36600.00
136119,PG0252,2017-01-03T10:05:00Z,2017-01-03T11:45:00Z,Anapa,Anapa Vityazevo Airport,37.347301483154,45.002101898193,SVO,Sheremetyevo International Airport,Moscow,37.4146,55.972599,Europe/Moscow,Arrived,2017-01-03T10:08:00Z,2017-01-03T11:49:00Z,0 years 0 mons 0 days 1 hours 41 mins 0.00 secs,Boeing 737-300,4200,118,Economy,147547200.00,12200.00,12258.8235294117647059,13400.00
136120,PG0252,2017-02-24T10:05:00Z,2017-02-24T11:45:00Z,Anapa,Anapa Vityazevo Airport,37.347301483154,45.002101898193,SVO,Sheremetyevo International Airport,Moscow,37.4146,55.972599,Europe/Moscow,Arrived,2017-02-24T10:07:00Z,2017-02-24T11:46:00Z,0 years 0 mons 0 days 1 hours 39 mins 0.00 secs,Boeing 737-300,4200,12,Business,4831200.00,36600.00,36600.000000000000,36600.00
136120,PG0252,2017-02-24T10:05:00Z,2017-02-24T11:45:00Z,Anapa,Anapa Vityazevo Airport,37.347301483154,45.002101898193,SVO,Sheremetyevo International Airport,Moscow,37.4146,55.972599,Europe/Moscow,Arrived,2017-02-24T10:07:00Z,2017-02-24T11:46:00Z,0 years 0 mons 0 days 1 hours 39 mins 0.00 secs,Boeing 737-300,4200,118,Economy,141930400.00,12200.00,12273.4693877551020408,13400.00
136122,PG0252,2017-01-08T10:05:00Z,2017-01-08T11:45:00Z,Anapa,Anapa Vityazevo Airport,37.347301483154,45.002101898193,SVO,Sheremetyevo International Airport,Moscow,37.4146,55.972599,Europe/Moscow,Arrived,2017-01-08T10:08:00Z,2017-01-08T11:48:00Z,0 years 0 mons 0 days 1 hours 40 mins 0.00 secs,Boeing 737-300,4200,12,Business,4392000.00,36600.00,36600.000000000000,36600.00
136122,PG0252,2017-01-08T10:05:00Z,2017-01-08T11:45:00Z,Anapa,Anapa Vityazevo Airport,37.347301483154,45.002101898193,SVO,Sheremetyevo International Airport,Moscow,37.4146,55.972599,Europe/Moscow,Arrived,2017-01-08T10:08:00Z,2017-01-08T11:48:00Z,0 years 0 mons 0 days 1 hours 40 mins 0.00 secs,Boeing 737-300,4200,118,Economy,125670000.00,12200.00,12241.3793103448275862,13400.00
136130,PG0252,2017-02-13T10:05:00Z,2017-02-13T11:45:00Z,Anapa,Anapa Vityazevo Airport,37.347301483154,45.002101898193,SVO,Sheremetyevo International Airport,Moscow,37.4146,55.972599,Europe/Moscow,Arrived,2017-02-13T10:07:00Z,2017-02-13T11:46:00Z,0 years 0 mons 0 days 1 hours 39 mins 0.00 secs,Boeing 737-300,4200,12,Business,4392000.00,36600.00,36600.000000000000,36600.00
136130,PG0252,2017-02-13T10:05:00Z,2017-02-13T11:45:00Z,Anapa,Anapa Vityazevo Airport,37.347301483154,45.002101898193,SVO,Sheremetyevo International Airport,Moscow,37.4146,55.972599,Europe/Moscow,Arrived,2017-02-13T10:07:00Z,2017-02-13T11:46:00Z,0 years 0 mons 0 days 1 hours 39 mins 0.00 secs,Boeing 737-300,4200,118,Economy,140490800.00,12200.00,12274.2268041237113402,13400.00
136131,PG0252,2017-01-28T10:05:00Z,2017-01-28T11:45:00Z,Anapa,Anapa Vityazevo Airport,37.347301483154,45.002101898193,SVO,Sheremetyevo International Airport,Moscow,37.4146,55.972599,Europe/Moscow,Arrived,2017-01-28T10:07:00Z,2017-01-28T11:46:00Z,0 years 0 mons 0 days 1 hours 39 mins 0.00 secs,Boeing 737-300,4200,12,Business,5270400.00,36600.00,36600.000000000000,36600.00
136131,PG0252,2017-01-28T10:05:00Z,2017-01-28T11:45:00Z,Anapa,Anapa Vityazevo Airport,37.347301483154,45.002101898193,SVO,Sheremetyevo International Airport,Moscow,37.4146,55.972599,Europe/Moscow,Arrived,2017-01-28T10:07:00Z,2017-01-28T11:46:00Z,0 years 0 mons 0 days 1 hours 39 mins 0.00 secs,Boeing 737-300,4200,118,Economy,162084800.00,12200.00,12264.2857142857142857,13400.00
136132,PG0252,2017-02-15T10:05:00Z,2017-02-15T11:45:00Z,Anapa,Anapa Vityazevo Airport,37.347301483154,45.002101898193,SVO,Sheremetyevo International Airport,Moscow,37.4146,55.972599,Europe/Moscow,Arrived,2017-02-15T10:09:00Z,2017-02-15T11:48:00Z,0 years 0 mons 0 days 1 hours 39 mins 0.00 secs,Boeing 737-300,4200,12,Business,5270400.00,36600.00,36600.000000000000,36600.00
136132,PG0252,2017-02-15T10:05:00Z,2017-02-15T11:45:00Z,Anapa,Anapa Vityazevo Airport,37.347301483154,45.002101898193,SVO,Sheremetyevo International Airport,Moscow,37.4146,55.972599,Europe/Moscow,Arrived,2017-02-15T10:09:00Z,2017-02-15T11:48:00Z,0 years 0 mons 0 days 1 hours 39 mins 0.00 secs,Boeing 737-300,4200,118,Economy,150426400.00,12200.00,12257.6923076923076923,13400.00
136135,PG0252,2017-02-01T10:05:00Z,2017-02-01T11:45:00Z,Anapa,Anapa Vityazevo Airport,37.347301483154,45.002101898193,SVO,Sheremetyevo International Airport,Moscow,37.4146,55.972599,Europe/Moscow,Arrived,2017-02-01T10:08:00Z,2017-02-01T11:48:00Z,0 years 0 mons 0 days 1 hours 40 mins 0.00 secs,Boeing 737-300,4200,12,Business,4831200.00,36600.00,36600.000000000000,36600.00
136135,PG0252,2017-02-01T10:05:00Z,2017-02-01T11:45:00Z,Anapa,Anapa Vityazevo Airport,37.347301483154,45.002101898193,SVO,Sheremetyevo International Airport,Moscow,37.4146,55.972599,Europe/Moscow,Arrived,2017-02-01T10:08:00Z,2017-02-01T11:48:00Z,0 years 0 mons 0 days 1 hours 40 mins 0.00 secs,Boeing 737-300,4200,118,Economy,150568000.00,12200.00,12269.2307692307692308,13400.00
136146,PG0252,2017-02-09T10:05:00Z,2017-02-09T11:45:00Z,Anapa,Anapa Vityazevo Airport,37.347301483154,45.002101898193,SVO,Sheremetyevo International Airport,Moscow,37.4146,55.972599,Europe/Moscow,Arrived,2017-02-09T10:08:00Z,2017-02-09T11:48:00Z,0 years 0 mons 0 days 1 hours 40 mins 0.00 secs,Boeing 737-300,4200,12,Business,4831200.00,36600.00,36600.000000000000,36600.00
136146,PG0252,2017-02-09T10:05:00Z,2017-02-09T11:45:00Z,Anapa,Anapa Vityazevo Airport,37.347301483154,45.002101898193,SVO,Sheremetyevo International Airport,Moscow,37.4146,55.972599,Europe/Moscow,Arrived,2017-02-09T10:08:00Z,2017-02-09T11:48:00Z,0 years 0 mons 0 days 1 hours 40 mins 0.00 secs,Boeing 737-300,4200,118,Economy,141788800.00,12200.00,12261.2244897959183673,13400.00
136159,PG0252,2017-01-04T10:05:00Z,2017-01-04T11:45:00Z,Anapa,Anapa Vityazevo Airport,37.347301483154,45.002101898193,SVO,Sheremetyevo International Airport,Moscow,37.4146,55.972599,Europe/Moscow,Arrived,2017-01-04T10:07:00Z,2017-01-04T11:45:00Z,0 years 0 mons 0 days 1 hours 38 mins 0.00 secs,Boeing 737-300,4200,12,Business,5270400.00,36600.00,36600.000000000000,36600.00
136159,PG0252,2017-01-04T10:05:00Z,2017-01-04T11:45:00Z,Anapa,Anapa Vityazevo Airport,37.347301483154,45.002101898193,SVO,Sheremetyevo International Airport,Moscow,37.4146,55.972599,Europe/Moscow,Arrived,2017-01-04T10:07:00Z,2017-01-04T11:45:00Z,0 years 0 mons 0 days 1 hours 38 mins 0.00 secs,Boeing 737-300,4200,118,Economy,148845200.00,12200.00,12246.6019417475728155,13400.00
136164,PG0252,2017-01-07T10:05:00Z,2017-01-07T11:45:00Z,Anapa,Anapa Vityazevo Airport,37.347301483154,45.002101898193,SVO,Sheremetyevo International Airport,Moscow,37.4146,55.972599,Europe/Moscow,Arrived,2017-01-07T10:07:00Z,2017-01-07T11:46:00Z,0 years 0 mons 0 days 1 hours 39 mins 0.00 secs,Boeing 737-300,4200,12,Business,4831200.00,36600.00,36600.000000000000,36600.00
136164,PG0252,2017-01-07T10:05:00Z,2017-01-07T11:45:00Z,Anapa,Anapa Vityazevo Airport,37.347301483154,45.002101898193,SVO,Sheremetyevo International Airport,Moscow,37.4146,55.972599,Europe/Moscow,Arrived,2017-01-07T10:07:00Z,2017-01-07T11:46:00Z,0 years 0 mons 0 days 1 hours 39 mins 0.00 secs,Boeing 737-300,4200,118,Economy,157624400.00,12200.00,12255.0458715596330275,13400.00
136165,PG0252,2017-02-22T10:05:00Z,2017-02-22T11:45:00Z,Anapa,Anapa Vityazevo Airport,37.347301483154,45.002101898193,SVO,Sheremetyevo International Airport,Moscow,37.4146,55.972599,Europe/Moscow,Arrived,2017-02-22T10:11:00Z,2017-02-22T11:52:00Z,0 years 0 mons 0 days 1 hours 41 mins 0.00 secs,Boeing 737-300,4200,12,Business,3952800.00,36600.00,36600.000000000000,36600.00
136165,PG0252,2017-02-22T10:05:00Z,2017-02-22T11:45:00Z,Anapa,Anapa Vityazevo Airport,37.347301483154,45.002101898193,SVO,Sheremetyevo International Airport,Moscow,37.4146,55.972599,Europe/Moscow,Arrived,2017-02-22T10:11:00Z,2017-02-22T11:52:00Z,0 years 0 mons 0 days 1 hours 41 mins 0.00 secs,Boeing 737-300,4200,118,Economy,146107600.00,12200.00,12259.4059405940594059,13400.00
136172,PG0252,2017-01-15T10:05:00Z,2017-01-15T11:45:00Z,Anapa,Anapa Vityazevo Airport,37.347301483154,45.002101898193,SVO,Sheremetyevo International Airport,Moscow,37.4146,55.972599,Europe/Moscow,Arrived,2017-01-15T10:05:00Z,2017-01-15T11:44:00Z,0 years 0 mons 0 days 1 hours 39 mins 0.00 secs,Boeing 737-300,4200,12,Business,4831200.00,36600.00,36600.000000000000,36600.00
136172,PG0252,2017-01-15T10:05:00Z,2017-01-15T11:45:00Z,Anapa,Anapa Vityazevo Airport,37.347301483154,45.002101898193,SVO,Sheremetyevo International Airport,Moscow,37.4146,55.972599,Europe/Moscow,Arrived,2017-01-15T10:05:00Z,2017-01-15T11:44:00Z,0 years 0 mons 0 days 1 hours 39 mins 0.00 secs,Boeing 737-300,4200,118,Economy,143370000.00,12200.00,12272.7272727272727273,13400.00
136178,PG0252,2017-01-29T10:05:00Z,2017-01-29T11:45:00Z,Anapa,Anapa Vityazevo Airport,37.347301483154,45.002101898193,SVO,Sheremetyevo International Airport,Moscow,37.4146,55.972599,Europe/Moscow,Arrived,2017-01-29T10:10:00Z,2017-01-29T11:49:00Z,0 years 0 mons 0 days 1 hours 39 mins 0.00 secs,Boeing 737-300,4200,12,Business,3952800.00,36600.00,36600.000000000000,36600.00
136178,PG0252,2017-01-29T10:05:00Z,2017-01-29T11:45:00Z,Anapa,Anapa Vityazevo Airport,37.347301483154,45.002101898193,SVO,Sheremetyevo International Airport,Moscow,37.4146,55.972599,Europe/Moscow,Arrived,2017-01-29T10:10:00Z,2017-01-29T11:49:00Z,0 years 0 mons 0 days 1 hours 39 mins 0.00 secs,Boeing 737-300,4200,118,Economy,130413600.00,12200.00,12280.0000000000000000,13400.00
136181,PG0252,2017-01-31T10:05:00Z,2017-01-31T11:45:00Z,Anapa,Anapa Vityazevo Airport,37.347301483154,45.002101898193,SVO,Sheremetyevo International Airport,Moscow,37.4146,55.972599,Europe/Moscow,Arrived,2017-01-31T10:05:00Z,2017-01-31T11:44:00Z,0 years 0 mons 0 days 1 hours 39 mins 0.00 secs,Boeing 737-300,4200,12,Business,4392000.00,36600.00,36600.000000000000,36600.00
136181,PG0252,2017-01-31T10:05:00Z,2017-01-31T11:45:00Z,Anapa,Anapa Vityazevo Airport,37.347301483154,45.002101898193,SVO,Sheremetyevo International Airport,Moscow,37.4146,55.972599,Europe/Moscow,Arrived,2017-01-31T10:05:00Z,2017-01-31T11:44:00Z,0 years 0 mons 0 days 1 hours 39 mins 0.00 secs,Boeing 737-300,4200,118,Economy,156184800.00,12200.00,12255.5555555555555556,13400.00
136185,PG0252,2017-01-14T10:05:00Z,2017-01-14T11:45:00Z,Anapa,Anapa Vityazevo Airport,37.347301483154,45.002101898193,SVO,Sheremetyevo International Airport,Moscow,37.4146,55.972599,Europe/Moscow,Arrived,2017-01-14T10:06:00Z,2017-01-14T11:49:00Z,0 years 0 mons 0 days 1 hours 43 mins 0.00 secs,Boeing 737-300,4200,12,Business,4392000.00,36600.00,36600.000000000000,36600.00
136185,PG0252,2017-01-14T10:05:00Z,2017-01-14T11:45:00Z,Anapa,Anapa Vityazevo Airport,37.347301483154,45.002101898193,SVO,Sheremetyevo International Airport,Moscow,37.4146,55.972599,Europe/Moscow,Arrived,2017-01-14T10:06:00Z,2017-01-14T11:49:00Z,0 years 0 mons 0 days 1 hours 43 mins 0.00 secs,Boeing 737-300,4200,118,Economy,136172000.00,12200.00,12276.5957446808510638,13400.00
136202,PG0252,2017-01-05T10:05:00Z,2017-01-05T11:45:00Z,Anapa,Anapa Vityazevo Airport,37.347301483154,45.002101898193,SVO,Sheremetyevo International Airport,Moscow,37.4146,55.972599,Europe/Moscow,Arrived,2017-01-05T10:07:00Z,2017-01-05T11:49:00Z,0 years 0 mons 0 days 1 hours 42 mins 0.00 secs,Boeing 737-300,4200,12,Business,4831200.00,36600.00,36600.000000000000,36600.00
136202,PG0252,2017-01-05T10:05:00Z,2017-01-05T11:45:00Z,Anapa,Anapa Vityazevo Airport,37.347301483154,45.002101898193,SVO,Sheremetyevo International Airport,Moscow,37.4146,55.972599,Europe/Moscow,Arrived,2017-01-05T10:07:00Z,2017-01-05T11:49:00Z,0 years 0 mons 0 days 1 hours 42 mins 0.00 secs,Boeing 737-300,4200,118,Economy,128974000.00,12200.00,12280.8988764044943820,13400.00
136204,PG0252,2017-02-23T10:05:00Z,2017-02-23T11:45:00Z,Anapa,Anapa Vityazevo Airport,37.347301483154,45.002101898193,SVO,Sheremetyevo International Airport,Moscow,37.4146,55.972599,Europe/Moscow,Arrived,2017-02-23T10:06:00Z,2017-02-23T11:46:00Z,0 years 0 mons 0 days 1 hours 40 mins 0.00 secs,Boeing 737-300,4200,12,Business,2635200.00,36600.00,36600.000000000000,36600.00
136204,PG0252,2017-02-23T10:05:00Z,2017-02-23T11:45:00Z,Anapa,Anapa Vityazevo Airport,37.347301483154,45.002101898193,SVO,Sheremetyevo International Airport,Moscow,37.4146,55.972599,Europe/Moscow,Arrived,2017-02-23T10:06:00Z,2017-02-23T11:46:00Z,0 years 0 mons 0 days 1 hours 40 mins 0.00 secs,Boeing 737-300,4200,118,Economy,146107600.00,12200.00,12259.4059405940594059,13400.00
136209,PG0252,2017-01-06T10:05:00Z,2017-01-06T11:45:00Z,Anapa,Anapa Vityazevo Airport,37.347301483154,45.002101898193,SVO,Sheremetyevo International Airport,Moscow,37.4146,55.972599,Europe/Moscow,Arrived,2017-01-06T10:09:00Z,2017-01-06T11:49:00Z,0 years 0 mons 0 days 1 hours 40 mins 0.00 secs,Boeing 737-300,4200,12,Business,4392000.00,36600.00,36600.000000000000,36600.00
136209,PG0252,2017-01-06T10:05:00Z,2017-01-06T11:45:00Z,Anapa,Anapa Vityazevo Airport,37.347301483154,45.002101898193,SVO,Sheremetyevo International Airport,Moscow,37.4146,55.972599,Europe/Moscow,Arrived,2017-01-06T10:09:00Z,2017-01-06T11:49:00Z,0 years 0 mons 0 days 1 hours 40 mins 0.00 secs,Boeing 737-300,4200,118,Economy,147405600.00,12200.00,12247.0588235294117647,13400.00
136215,PG0252,2017-02-28T10:05:00Z,2017-02-28T11:45:00Z,Anapa,Anapa Vityazevo Airport,37.347301483154,45.002101898193,SVO,Sheremetyevo International Airport,Moscow,37.4146,55.972599,Europe/Moscow,Arrived,2017-02-28T10:09:00Z,2017-02-28T11:49:00Z,0 years 0 mons 0 days 1 hours 40 mins 0.00 secs,Boeing 737-300,4200,12,Business,4831200.00,36600.00,36600.000000000000,36600.00
136215,PG0252,2017-02-28T10:05:00Z,2017-02-28T11:45:00Z,Anapa,Anapa Vityazevo Airport,37.347301483154,45.002101898193,SVO,Sheremetyevo International Airport,Moscow,37.4146,55.972599,Europe/Moscow,Arrived,2017-02-28T10:09:00Z,2017-02-28T11:49:00Z,0 years 0 mons 0 days 1 hours 40 mins 0.00 secs,Boeing 737-300,4200,118,Economy,148845200.00,12200.00,12246.6019417475728155,13400.00
136226,PG0252,2017-01-30T10:05:00Z,2017-01-30T11:45:00Z,Anapa,Anapa Vityazevo Airport,37.347301483154,45.002101898193,SVO,Sheremetyevo International Airport,Moscow,37.4146,55.972599,Europe/Moscow,Arrived,2017-01-30T10:08:00Z,2017-01-30T11:48:00Z,0 years 0 mons 0 days 1 hours 40 mins 0.00 secs,Boeing 737-300,4200,12,Business,5270400.00,36600.00,36600.000000000000,36600.00
136226,PG0252,2017-01-30T10:05:00Z,2017-01-30T11:45:00Z,Anapa,Anapa Vityazevo Airport,37.347301483154,45.002101898193,SVO,Sheremetyevo International Airport,Moscow,37.4146,55.972599,Europe/Moscow,Arrived,2017-01-30T10:08:00Z,2017-01-30T11:48:00Z,0 years 0 mons 0 days 1 hours 40 mins 0.00 secs,Boeing 737-300,4200,118,Economy,170722400.00,12200.00,12261.0169491525423729,13400.00
136249,PG0252,2017-02-14T10:05:00Z,2017-02-14T11:45:00Z,Anapa,Anapa Vityazevo Airport,37.347301483154,45.002101898193,SVO,Sheremetyevo International Airport,Moscow,37.4146,55.972599,Europe/Moscow,Arrived,2017-02-14T10:08:00Z,2017-02-14T11:46:00Z,0 years 0 mons 0 days 1 hours 38 mins 0.00 secs,Boeing 737-300,4200,12,Business,5270400.00,36600.00,36600.000000000000,36600.00
136249,PG0252,2017-02-14T10:05:00Z,2017-02-14T11:45:00Z,Anapa,Anapa Vityazevo Airport,37.347301483154,45.002101898193,SVO,Sheremetyevo International Airport,Moscow,37.4146,55.972599,Europe/Moscow,Arrived,2017-02-14T10:08:00Z,2017-02-14T11:46:00Z,0 years 0 mons 0 days 1 hours 38 mins 0.00 secs,Boeing 737-300,4200,118,Economy,160645200.00,12200.00,12264.8648648648648649,13400.00
136250,PG0252,2017-02-08T10:05:00Z,2017-02-08T11:45:00Z,Anapa,Anapa Vityazevo Airport,37.347301483154,45.002101898193,SVO,Sheremetyevo International Airport,Moscow,37.4146,55.972599,Europe/Moscow,Arrived,2017-02-08T10:06:00Z,2017-02-08T11:47:00Z,0 years 0 mons 0 days 1 hours 41 mins 0.00 secs,Boeing 737-300,4200,12,Business,3513600.00,36600.00,36600.000000000000,36600.00
136250,PG0252,2017-02-08T10:05:00Z,2017-02-08T11:45:00Z,Anapa,Anapa Vityazevo Airport,37.347301483154,45.002101898193,SVO,Sheremetyevo International Airport,Moscow,37.4146,55.972599,Europe/Moscow,Arrived,2017-02-08T10:06:00Z,2017-02-08T11:47:00Z,0 years 0 mons 0 days 1 hours 41 mins 0.00 secs,Boeing 737-300,4200,118,Economy,131570000.00,12200.00,12252.7472527472527473,13400.00
136264,PG0252,2017-02-18T10:05:00Z,2017-02-18T11:45:00Z,Anapa,Anapa Vityazevo Airport,37.347301483154,45.002101898193,SVO,Sheremetyevo International Airport,Moscow,37.4146,55.972599,Europe/Moscow,Arrived,2017-02-18T10:07:00Z,2017-02-18T11:47:00Z,0 years 0 mons 0 days 1 hours 40 mins 0.00 secs,Boeing 737-300,4200,12,Business,4831200.00,36600.00,36600.000000000000,36600.00
136264,PG0252,2017-02-18T10:05:00Z,2017-02-18T11:45:00Z,Anapa,Anapa Vityazevo Airport,37.347301483154,45.002101898193,SVO,Sheremetyevo International Airport,Moscow,37.4146,55.972599,Europe/Moscow,Arrived,2017-02-18T10:07:00Z,2017-02-18T11:47:00Z,0 years 0 mons 0 days 1 hours 40 mins 0.00 secs,Boeing 737-300,4200,118,Economy,152007600.00,12200.00,12268.5714285714285714,13400.00
136266,PG0252,2017-02-27T10:05:00Z,2017-02-27T11:45:00Z,Anapa,Anapa Vityazevo Airport,37.347301483154,45.002101898193,SVO,Sheremetyevo International Airport,Moscow,37.4146,55.972599,Europe/Moscow,Arrived,2017-02-27T10:08:00Z,2017-02-27T11:48:00Z,0 years 0 mons 0 days 1 hours 40 mins 0.00 secs,Boeing 737-300,4200,12,Business,4392000.00,36600.00,36600.000000000000,36600.00
136266,PG0252,2017-02-27T10:05:00Z,2017-02-27T11:45:00Z,Anapa,Anapa Vityazevo Airport,37.347301483154,45.002101898193,SVO,Sheremetyevo International Airport,Moscow,37.4146,55.972599,Europe/Moscow,Arrived,2017-02-27T10:08:00Z,2017-02-27T11:48:00Z,0 years 0 mons 0 days 1 hours 40 mins 0.00 secs,Boeing 737-300,4200,118,Economy,141647200.00,12200.00,12248.9795918367346939,13400.00
136268,PG0252,2017-02-16T10:05:00Z,2017-02-16T11:45:00Z,Anapa,Anapa Vityazevo Airport,37.347301483154,45.002101898193,SVO,Sheremetyevo International Airport,Moscow,37.4146,55.972599,Europe/Moscow,Arrived,2017-02-16T10:08:00Z,2017-02-16T11:49:00Z,0 years 0 mons 0 days 1 hours 41 mins 0.00 secs,Boeing 737-300,4200,12,Business,4831200.00,36600.00,36600.000000000000,36600.00
136268,PG0252,2017-02-16T10:05:00Z,2017-02-16T11:45:00Z,Anapa,Anapa Vityazevo Airport,37.347301483154,45.002101898193,SVO,Sheremetyevo International Airport,Moscow,37.4146,55.972599,Europe/Moscow,Arrived,2017-02-16T10:08:00Z,2017-02-16T11:49:00Z,0 years 0 mons 0 days 1 hours 41 mins 0.00 secs,Boeing 737-300,4200,118,Economy,150284800.00,12200.00,12246.1538461538461538,13400.00
136269,PG0252,2017-02-11T10:05:00Z,2017-02-11T11:45:00Z,Anapa,Anapa Vityazevo Airport,37.347301483154,45.002101898193,SVO,Sheremetyevo International Airport,Moscow,37.4146,55.972599,Europe/Moscow,Arrived,2017-02-11T10:13:00Z,2017-02-11T11:53:00Z,0 years 0 mons 0 days 1 hours 40 mins 0.00 secs,Boeing 737-300,4200,12,Business,4831200.00,36600.00,36600.000000000000,36600.00
136269,PG0252,2017-02-11T10:05:00Z,2017-02-11T11:45:00Z,Anapa,Anapa Vityazevo Airport,37.347301483154,45.002101898193,SVO,Sheremetyevo International Airport,Moscow,37.4146,55.972599,Europe/Moscow,Arrived,2017-02-11T10:13:00Z,2017-02-11T11:53:00Z,0 years 0 mons 0 days 1 hours 40 mins 0.00 secs,Boeing 737-300,4200,118,Economy,141930400.00,12200.00,12273.4693877551020408,13400.00
136270,PG0252,2017-02-12T10:05:00Z,2017-02-12T11:45:00Z,Anapa,Anapa Vityazevo Airport,37.347301483154,45.002101898193,SVO,Sheremetyevo International Airport,Moscow,37.4146,55.972599,Europe/Moscow,Arrived,2017-02-12T10:12:00Z,2017-02-12T11:51:00Z,0 years 0 mons 0 days 1 hours 39 mins 0.00 secs,Boeing 737-300,4200,12,Business,4831200.00,36600.00,36600.000000000000,36600.00
136270,PG0252,2017-02-12T10:05:00Z,2017-02-12T11:45:00Z,Anapa,Anapa Vityazevo Airport,37.347301483154,45.002101898193,SVO,Sheremetyevo International Airport,Moscow,37.4146,55.972599,Europe/Moscow,Arrived,2017-02-12T10:12:00Z,2017-02-12T11:51:00Z,0 years 0 mons 0 days 1 hours 39 mins 0.00 secs,Boeing 737-300,4200,118,Economy,144668000.00,12200.00,12260.0000000000000000,13400.00
136275,PG0252,2017-01-13T10:05:00Z,2017-01-13T11:45:00Z,Anapa,Anapa Vityazevo Airport,37.347301483154,45.002101898193,SVO,Sheremetyevo International Airport,Moscow,37.4146,55.972599,Europe/Moscow,Arrived,2017-01-13T10:08:00Z,2017-01-13T11:46:00Z,0 years 0 mons 0 days 1 hours 38 mins 0.00 secs,Boeing 737-300,4200,12,Business,5270400.00,36600.00,36600.000000000000,36600.00
136275,PG0252,2017-01-13T10:05:00Z,2017-01-13T11:45:00Z,Anapa,Anapa Vityazevo Airport,37.347301483154,45.002101898193,SVO,Sheremetyevo International Airport,Moscow,37.4146,55.972599,Europe/Moscow,Arrived,2017-01-13T10:08:00Z,2017-01-13T11:46:00Z,0 years 0 mons 0 days 1 hours 38 mins 0.00 secs,Boeing 737-300,4200,118,Economy,163524400.00,12200.00,12263.7168141592920354,13400.00
136282,PG0252,2017-01-16T10:05:00Z,2017-01-16T11:45:00Z,Anapa,Anapa Vityazevo Airport,37.347301483154,45.002101898193,SVO,Sheremetyevo International Airport,Moscow,37.4146,55.972599,Europe/Moscow,Arrived,2017-01-16T10:07:00Z,2017-01-16T11:48:00Z,0 years 0 mons 0 days 1 hours 41 mins 0.00 secs,Boeing 737-300,4200,12,Business,3952800.00,36600.00,36600.000000000000,36600.00
136282,PG0252,2017-01-16T10:05:00Z,2017-01-16T11:45:00Z,Anapa,Anapa Vityazevo Airport,37.347301483154,45.002101898193,SVO,Sheremetyevo International Airport,Moscow,37.4146,55.972599,Europe/Moscow,Arrived,2017-01-16T10:07:00Z,2017-01-16T11:48:00Z,0 years 0 mons 0 days 1 hours 41 mins 0.00 secs,Boeing 737-300,4200,118,Economy,140349200.00,12200.00,12261.8556701030927835,13400.00
136284,PG0252,2017-02-07T10:05:00Z,2017-02-07T11:45:00Z,Anapa,Anapa Vityazevo Airport,37.347301483154,45.002101898193,SVO,Sheremetyevo International Airport,Moscow,37.4146,55.972599,Europe/Moscow,Arrived,2017-02-07T10:07:00Z,2017-02-07T11:48:00Z,0 years 0 mons 0 days 1 hours 41 mins 0.00 secs,Boeing 737-300,4200,12,Business,4392000.00,36600.00,36600.000000000000,36600.00
136284,PG0252,2017-02-07T10:05:00Z,2017-02-07T11:45:00Z,Anapa,Anapa Vityazevo Airport,37.347301483154,45.002101898193,SVO,Sheremetyevo International Airport,Moscow,37.4146,55.972599,Europe/Moscow,Arrived,2017-02-07T10:07:00Z,2017-02-07T11:48:00Z,0 years 0 mons 0 days 1 hours 41 mins 0.00 secs,Boeing 737-300,4200,118,Economy,154745200.00,12200.00,12256.0747663551401869,13400.00
136293,PG0252,2017-01-23T10:05:00Z,2017-01-23T11:45:00Z,Anapa,Anapa Vityazevo Airport,37.347301483154,45.002101898193,SVO,Sheremetyevo International Airport,Moscow,37.4146,55.972599,Europe/Moscow,Arrived,2017-01-23T10:09:00Z,2017-01-23T11:48:00Z,0 years 0 mons 0 days 1 hours 39 mins 0.00 secs,Boeing 737-300,4200,12,Business,5270400.00,36600.00,36600.000000000000,36600.00
136293,PG0252,2017-01-23T10:05:00Z,2017-01-23T11:45:00Z,Anapa,Anapa Vityazevo Airport,37.347301483154,45.002101898193,SVO,Sheremetyevo International Airport,Moscow,37.4146,55.972599,Europe/Moscow,Arrived,2017-01-23T10:09:00Z,2017-01-23T11:48:00Z,0 years 0 mons 0 days 1 hours 39 mins 0.00 secs,Boeing 737-300,4200,118,Economy,147547200.00,12200.00,12258.8235294117647059,13400.00
136310,PG0252,2017-01-22T10:05:00Z,2017-01-22T11:45:00Z,Anapa,Anapa Vityazevo Airport,37.347301483154,45.002101898193,SVO,Sheremetyevo International Airport,Moscow,37.4146,55.972599,Europe/Moscow,Arrived,2017-01-22T10:07:00Z,2017-01-22T11:47:00Z,0 years 0 mons 0 days 1 hours 40 mins 0.00 secs,Boeing 737-300,4200,12,Business,3952800.00,36600.00,36600.000000000000,36600.00
136310,PG0252,2017-01-22T10:05:00Z,2017-01-22T11:45:00Z,Anapa,Anapa Vityazevo Airport,37.347301483154,45.002101898193,SVO,Sheremetyevo International Airport,Moscow,37.4146,55.972599,Europe/Moscow,Arrived,2017-01-22T10:07:00Z,2017-01-22T11:47:00Z,0 years 0 mons 0 days 1 hours 40 mins 0.00 secs,Boeing 737-300,4200,118,Economy,156326400.00,12200.00,12266.6666666666666667,13400.00
136316,PG0252,2017-01-12T10:05:00Z,2017-01-12T11:45:00Z,Anapa,Anapa Vityazevo Airport,37.347301483154,45.002101898193,SVO,Sheremetyevo International Airport,Moscow,37.4146,55.972599,Europe/Moscow,Arrived,2017-01-12T10:07:00Z,2017-01-12T11:47:00Z,0 years 0 mons 0 days 1 hours 40 mins 0.00 secs,Boeing 737-300,4200,12,Business,5270400.00,36600.00,36600.000000000000,36600.00
136316,PG0252,2017-01-12T10:05:00Z,2017-01-12T11:45:00Z,Anapa,Anapa Vityazevo Airport,37.347301483154,45.002101898193,SVO,Sheremetyevo International Airport,Moscow,37.4146,55.972599,Europe/Moscow,Arrived,2017-01-12T10:07:00Z,2017-01-12T11:47:00Z,0 years 0 mons 0 days 1 hours 40 mins 0.00 secs,Boeing 737-300,4200,118,Economy,170722400.00,12200.00,12261.0169491525423729,13400.00
136320,PG0252,2017-02-19T10:05:00Z,2017-02-19T11:45:00Z,Anapa,Anapa Vityazevo Airport,37.347301483154,45.002101898193,SVO,Sheremetyevo International Airport,Moscow,37.4146,55.972599,Europe/Moscow,Arrived,2017-02-19T10:05:00Z,2017-02-19T11:45:00Z,0 years 0 mons 0 days 1 hours 40 mins 0.00 secs,Boeing 737-300,4200,12,Business,4392000.00,36600.00,36600.000000000000,36600.00
136320,PG0252,2017-02-19T10:05:00Z,2017-02-19T11:45:00Z,Anapa,Anapa Vityazevo Airport,37.347301483154,45.002101898193,SVO,Sheremetyevo International Airport,Moscow,37.4146,55.972599,Europe/Moscow,Arrived,2017-02-19T10:05:00Z,2017-02-19T11:45:00Z,0 years 0 mons 0 days 1 hours 40 mins 0.00 secs,Boeing 737-300,4200,118,Economy,139051200.00,12200.00,12275.0000000000000000,13400.00
136322,PG0252,2017-02-06T10:05:00Z,2017-02-06T11:45:00Z,Anapa,Anapa Vityazevo Airport,37.347301483154,45.002101898193,SVO,Sheremetyevo International Airport,Moscow,37.4146,55.972599,Europe/Moscow,Arrived,2017-02-06T10:11:00Z,2017-02-06T11:52:00Z,0 years 0 mons 0 days 1 hours 41 mins 0.00 secs,Boeing 737-300,4200,12,Business,4392000.00,36600.00,36600.000000000000,36600.00
136322,PG0252,2017-02-06T10:05:00Z,2017-02-06T11:45:00Z,Anapa,Anapa Vityazevo Airport,37.347301483154,45.002101898193,SVO,Sheremetyevo International Airport,Moscow,37.4146,55.972599,Europe/Moscow,Arrived,2017-02-06T10:11:00Z,2017-02-06T11:52:00Z,0 years 0 mons 0 days 1 hours 41 mins 0.00 secs,Boeing 737-300,4200,118,Economy,141788800.00,12200.00,12261.2244897959183673,13400.00
136345,PG0252,2017-01-24T10:05:00Z,2017-01-24T11:45:00Z,Anapa,Anapa Vityazevo Airport,37.347301483154,45.002101898193,SVO,Sheremetyevo International Airport,Moscow,37.4146,55.972599,Europe/Moscow,Arrived,2017-01-24T13:32:00Z,2017-01-24T15:12:00Z,0 years 0 mons 0 days 1 hours 40 mins 0.00 secs,Boeing 737-300,4200,12,Business,3513600.00,36600.00,36600.000000000000,36600.00
136345,PG0252,2017-01-24T10:05:00Z,2017-01-24T11:45:00Z,Anapa,Anapa Vityazevo Airport,37.347301483154,45.002101898193,SVO,Sheremetyevo International Airport,Moscow,37.4146,55.972599,Europe/Moscow,Arrived,2017-01-24T13:32:00Z,2017-01-24T15:12:00Z,0 years 0 mons 0 days 1 hours 40 mins 0.00 secs,Boeing 737-300,4200,118,Economy,144526400.00,12200.00,12248.0000000000000000,13400.00
136348,PG0252,2017-02-10T10:05:00Z,2017-02-10T11:45:00Z,Anapa,Anapa Vityazevo Airport,37.347301483154,45.002101898193,SVO,Sheremetyevo International Airport,Moscow,37.4146,55.972599,Europe/Moscow,Arrived,2017-02-10T10:05:00Z,2017-02-10T11:45:00Z,0 years 0 mons 0 days 1 hours 40 mins 0.00 secs,Boeing 737-300,4200,12,Business,5270400.00,36600.00,36600.000000000000,36600.00
136348,PG0252,2017-02-10T10:05:00Z,2017-02-10T11:45:00Z,Anapa,Anapa Vityazevo Airport,37.347301483154,45.002101898193,SVO,Sheremetyevo International Airport,Moscow,37.4146,55.972599,Europe/Moscow,Arrived,2017-02-10T10:05:00Z,2017-02-10T11:45:00Z,0 years 0 mons 0 days 1 hours 40 mins 0.00 secs,Boeing 737-300,4200,118,Economy,156184800.00,12200.00,12255.5555555555555556,13400.00
136351,PG0252,2017-02-26T10:05:00Z,2017-02-26T11:45:00Z,Anapa,Anapa Vityazevo Airport,37.347301483154,45.002101898193,SVO,Sheremetyevo International Airport,Moscow,37.4146,55.972599,Europe/Moscow,Arrived,2017-02-26T10:13:00Z,2017-02-26T11:53:00Z,0 years 0 mons 0 days 1 hours 40 mins 0.00 secs,Boeing 737-300,4200,12,Business,4831200.00,36600.00,36600.000000000000,36600.00
136351,PG0252,2017-02-26T10:05:00Z,2017-02-26T11:45:00Z,Anapa,Anapa Vityazevo Airport,37.347301483154,45.002101898193,SVO,Sheremetyevo International Airport,Moscow,37.4146,55.972599,Europe/Moscow,Arrived,2017-02-26T10:13:00Z,2017-02-26T11:53:00Z,0 years 0 mons 0 days 1 hours 40 mins 0.00 secs,Boeing 737-300,4200,118,Economy,136030400.00,12200.00,12263.8297872340425532,13400.00
136360,PG0252,2017-02-05T10:05:00Z,2017-02-05T11:45:00Z,Anapa,Anapa Vityazevo Airport,37.347301483154,45.002101898193,SVO,Sheremetyevo International Airport,Moscow,37.4146,55.972599,Europe/Moscow,Arrived,2017-02-05T10:08:00Z,2017-02-05T11:48:00Z,0 years 0 mons 0 days 1 hours 40 mins 0.00 secs,Boeing 737-300,4200,12,Business,4831200.00,36600.00,36600.000000000000,36600.00
136360,PG0252,2017-02-05T10:05:00Z,2017-02-05T11:45:00Z,Anapa,Anapa Vityazevo Airport,37.347301483154,45.002101898193,SVO,Sheremetyevo International Airport,Moscow,37.4146,55.972599,Europe/Moscow,Arrived,2017-02-05T10:08:00Z,2017-02-05T11:48:00Z,0 years 0 mons 0 days 1 hours 40 mins 0.00 secs,Boeing 737-300,4200,118,Economy,124230400.00,12200.00,12241.8604651162790698,13400.00
136366,PG0252,2017-01-11T10:05:00Z,2017-01-11T11:45:00Z,Anapa,Anapa Vityazevo Airport,37.347301483154,45.002101898193,SVO,Sheremetyevo International Airport,Moscow,37.4146,55.972599,Europe/Moscow,Arrived,2017-01-11T10:08:00Z,2017-01-11T11:47:00Z,0 years 0 mons 0 days 1 hours 39 mins 0.00 secs,Boeing 737-300,4200,12,Business,4831200.00,36600.00,36600.000000000000,36600.00
136366,PG0252,2017-01-11T10:05:00Z,2017-01-11T11:45:00Z,Anapa,Anapa Vityazevo Airport,37.347301483154,45.002101898193,SVO,Sheremetyevo International Airport,Moscow,37.4146,55.972599,Europe/Moscow,Arrived,2017-01-11T10:08:00Z,2017-01-11T11:47:00Z,0 years 0 mons 0 days 1 hours 39 mins 0.00 secs,Boeing 737-300,4200,118,Economy,132726400.00,12200.00,12226.0869565217391304,13400.00
136383,PG0252,2017-01-25T10:05:00Z,2017-01-25T11:45:00Z,Anapa,Anapa Vityazevo Airport,37.347301483154,45.002101898193,SVO,Sheremetyevo International Airport,Moscow,37.4146,55.972599,Europe/Moscow,Arrived,2017-01-25T10:09:00Z,2017-01-25T11:51:00Z,0 years 0 mons 0 days 1 hours 42 mins 0.00 secs,Boeing 737-300,4200,12,Business,3513600.00,36600.00,36600.000000000000,36600.00
136383,PG0252,2017-01-25T10:05:00Z,2017-01-25T11:45:00Z,Anapa,Anapa Vityazevo Airport,37.347301483154,45.002101898193,SVO,Sheremetyevo International Airport,Moscow,37.4146,55.972599,Europe/Moscow,Arrived,2017-01-25T10:09:00Z,2017-01-25T11:51:00Z,0 years 0 mons 0 days 1 hours 42 mins 0.00 secs,Boeing 737-300,4200,118,Economy,141647200.00,12200.00,12248.9795918367346939,13400.00
136387,PG0252,2017-01-19T10:05:00Z,2017-01-19T11:45:00Z,Anapa,Anapa Vityazevo Airport,37.347301483154,45.002101898193,SVO,Sheremetyevo International Airport,Moscow,37.4146,55.972599,Europe/Moscow,Arrived,2017-01-19T10:08:00Z,2017-01-19T11:47:00Z,0 years 0 mons 0 days 1 hours 39 mins 0.00 secs,Boeing 737-300,4200,12,Business,5270400.00,36600.00,36600.000000000000,36600.00
136387,PG0252,2017-01-19T10:05:00Z,2017-01-19T11:45:00Z,Anapa,Anapa Vityazevo Airport,37.347301483154,45.002101898193,SVO,Sheremetyevo International Airport,Moscow,37.4146,55.972599,Europe/Moscow,Arrived,2017-01-19T10:08:00Z,2017-01-19T11:47:00Z,0 years 0 mons 0 days 1 hours 39 mins 0.00 secs,Boeing 737-300,4200,118,Economy,157624400.00,12200.00,12255.0458715596330275,13400.00
136389,PG0252,2017-01-18T10:05:00Z,2017-01-18T11:45:00Z,Anapa,Anapa Vityazevo Airport,37.347301483154,45.002101898193,SVO,Sheremetyevo International Airport,Moscow,37.4146,55.972599,Europe/Moscow,Arrived,2017-01-18T10:10:00Z,2017-01-18T11:50:00Z,0 years 0 mons 0 days 1 hours 40 mins 0.00 secs,Boeing 737-300,4200,12,Business,5270400.00,36600.00,36600.000000000000,36600.00
136389,PG0252,2017-01-18T10:05:00Z,2017-01-18T11:45:00Z,Anapa,Anapa Vityazevo Airport,37.347301483154,45.002101898193,SVO,Sheremetyevo International Airport,Moscow,37.4146,55.972599,Europe/Moscow,Arrived,2017-01-18T10:10:00Z,2017-01-18T11:50:00Z,0 years 0 mons 0 days 1 hours 40 mins 0.00 secs,Boeing 737-300,4200,118,Economy,169282800.00,12200.00,12261.5384615384615385,13400.00
136403,PG0252,2017-02-20T10:05:00Z,2017-02-20T11:45:00Z,Anapa,Anapa Vityazevo Airport,37.347301483154,45.002101898193,SVO,Sheremetyevo International Airport,Moscow,37.4146,55.972599,Europe/Moscow,Arrived,2017-02-20T10:06:00Z,2017-02-20T11:46:00Z,0 years 0 mons 0 days 1 hours 40 mins 0.00 secs,Boeing 737-300,4200,12,Business,5270400.00,36600.00,36600.000000000000,36600.00
136403,PG0252,2017-02-20T10:05:00Z,2017-02-20T11:45:00Z,Anapa,Anapa Vityazevo Airport,37.347301483154,45.002101898193,SVO,Sheremetyevo International Airport,Moscow,37.4146,55.972599,Europe/Moscow,Arrived,2017-02-20T10:06:00Z,2017-02-20T11:46:00Z,0 years 0 mons 0 days 1 hours 40 mins 0.00 secs,Boeing 737-300,4200,118,Economy,169282800.00,12200.00,12261.5384615384615385,13400.00
136411,PG0252,2017-02-04T10:05:00Z,2017-02-04T11:45:00Z,Anapa,Anapa Vityazevo Airport,37.347301483154,45.002101898193,SVO,Sheremetyevo International Airport,Moscow,37.4146,55.972599,Europe/Moscow,Arrived,2017-02-04T10:06:00Z,2017-02-04T11:46:00Z,0 years 0 mons 0 days 1 hours 40 mins 0.00 secs,Boeing 737-300,4200,12,Business,4392000.00,36600.00,36600.000000000000,36600.00
136411,PG0252,2017-02-04T10:05:00Z,2017-02-04T11:45:00Z,Anapa,Anapa Vityazevo Airport,37.347301483154,45.002101898193,SVO,Sheremetyevo International Airport,Moscow,37.4146,55.972599,Europe/Moscow,Arrived,2017-02-04T10:06:00Z,2017-02-04T11:46:00Z,0 years 0 mons 0 days 1 hours 40 mins 0.00 secs,Boeing 737-300,4200,118,Economy,144526400.00,12200.00,12248.0000000000000000,13400.00
136420,PG0252,2017-01-01T10:05:00Z,2017-01-01T11:45:00Z,Anapa,Anapa Vityazevo Airport,37.347301483154,45.002101898193,SVO,Sheremetyevo International Airport,Moscow,37.4146,55.972599,Europe/Moscow,Arrived,2017-01-01T10:09:00Z,2017-01-01T11:47:00Z,0 years 0 mons 0 days 1 hours 38 mins 0.00 secs,Boeing 737-300,4200,12,Business,4831200.00,36600.00,36600.000000000000,36600.00
136420,PG0252,2017-01-01T10:05:00Z,2017-01-01T11:45:00Z,Anapa,Anapa Vityazevo Airport,37.347301483154,45.002101898193,SVO,Sheremetyevo International Airport,Moscow,37.4146,55.972599,Europe/Moscow,Arrived,2017-01-01T10:09:00Z,2017-01-01T11:47:00Z,0 years 0 mons 0 days 1 hours 38 mins 0.00 secs,Boeing 737-300,4200,118,Economy,134449200.00,12200.00,12251.6129032258064516,13400.00
136423,PG0252,2017-01-10T10:05:00Z,2017-01-10T11:45:00Z,Anapa,Anapa Vityazevo Airport,37.347301483154,45.002101898193,SVO,Sheremetyevo International Airport,Moscow,37.4146,55.972599,Europe/Moscow,Arrived,2017-01-10T10:12:00Z,2017-01-10T11:52:00Z,0 years 0 mons 0 days 1 hours 40 mins 0.00 secs,Boeing 737-300,4200,12,Business,4831200.00,36600.00,36600.000000000000,36600.00
136423,PG0252,2017-01-10T10:05:00Z,2017-01-10T11:45:00Z,Anapa,Anapa Vityazevo Airport,37.347301483154,45.002101898193,SVO,Sheremetyevo International Airport,Moscow,37.4146,55.972599,Europe/Moscow,Arrived,2017-01-10T10:12:00Z,2017-01-10T11:52:00Z,0 years 0 mons 0 days 1 hours 40 mins 0.00 secs,Boeing 737-300,4200,118,Economy,170722400.00,12200.00,12261.0169491525423729,13400.00
136428,PG0252,2017-01-21T10:05:00Z,2017-01-21T11:45:00Z,Anapa,Anapa Vityazevo Airport,37.347301483154,45.002101898193,SVO,Sheremetyevo International Airport,Moscow,37.4146,55.972599,Europe/Moscow,Arrived,2017-01-21T10:08:00Z,2017-01-21T11:47:00Z,0 years 0 mons 0 days 1 hours 39 mins 0.00 secs,Boeing 737-300,4200,12,Business,4831200.00,36600.00,36600.000000000000,36600.00
136428,PG0252,2017-01-21T10:05:00Z,2017-01-21T11:45:00Z,Anapa,Anapa Vityazevo Airport,37.347301483154,45.002101898193,SVO,Sheremetyevo International Airport,Moscow,37.4146,55.972599,Europe/Moscow,Arrived,2017-01-21T10:08:00Z,2017-01-21T11:47:00Z,0 years 0 mons 0 days 1 hours 39 mins 0.00 secs,Boeing 737-300,4200,118,Economy,150568000.00,12200.00,12269.2307692307692308,13400.00
136436,PG0252,2017-01-26T10:05:00Z,2017-01-26T11:45:00Z,Anapa,Anapa Vityazevo Airport,37.347301483154,45.002101898193,SVO,Sheremetyevo International Airport,Moscow,37.4146,55.972599,Europe/Moscow,Arrived,2017-01-26T10:08:00Z,2017-01-26T11:47:00Z,0 years 0 mons 0 days 1 hours 39 mins 0.00 secs,Boeing 737-300,4200,12,Business,5270400.00,36600.00,36600.000000000000,36600.00
136436,PG0252,2017-01-26T10:05:00Z,2017-01-26T11:45:00Z,Anapa,Anapa Vityazevo Airport,37.347301483154,45.002101898193,SVO,Sheremetyevo International Airport,Moscow,37.4146,55.972599,Europe/Moscow,Arrived,2017-01-26T10:08:00Z,2017-01-26T11:47:00Z,0 years 0 mons 0 days 1 hours 39 mins 0.00 secs,Boeing 737-300,4200,118,Economy,161943200.00,12200.00,12253.5714285714285714,13400.00
136439,PG0252,2017-02-25T10:05:00Z,2017-02-25T11:45:00Z,Anapa,Anapa Vityazevo Airport,37.347301483154,45.002101898193,SVO,Sheremetyevo International Airport,Moscow,37.4146,55.972599,Europe/Moscow,Arrived,2017-02-25T10:08:00Z,2017-02-25T11:48:00Z,0 years 0 mons 0 days 1 hours 40 mins 0.00 secs,Boeing 737-300,4200,12,Business,4831200.00,36600.00,36600.000000000000,36600.00
136439,PG0252,2017-02-25T10:05:00Z,2017-02-25T11:45:00Z,Anapa,Anapa Vityazevo Airport,37.347301483154,45.002101898193,SVO,Sheremetyevo International Airport,Moscow,37.4146,55.972599,Europe/Moscow,Arrived,2017-02-25T10:08:00Z,2017-02-25T11:48:00Z,0 years 0 mons 0 days 1 hours 40 mins 0.00 secs,Boeing 737-300,4200,118,Economy,153305600.00,12200.00,12256.6037735849056604,13400.00
136441,PG0252,2017-02-03T10:05:00Z,2017-02-03T11:45:00Z,Anapa,Anapa Vityazevo Airport,37.347301483154,45.002101898193,SVO,Sheremetyevo International Airport,Moscow,37.4146,55.972599,Europe/Moscow,Arrived,2017-02-03T10:07:00Z,2017-02-03T11:47:00Z,0 years 0 mons 0 days 1 hours 40 mins 0.00 secs,Boeing 737-300,4200,12,Business,4831200.00,36600.00,36600.000000000000,36600.00
136441,PG0252,2017-02-03T10:05:00Z,2017-02-03T11:45:00Z,Anapa,Anapa Vityazevo Airport,37.347301483154,45.002101898193,SVO,Sheremetyevo International Airport,Moscow,37.4146,55.972599,Europe/Moscow,Arrived,2017-02-03T10:07:00Z,2017-02-03T11:47:00Z,0 years 0 mons 0 days 1 hours 40 mins 0.00 secs,Boeing 737-300,4200,118,Economy,169282800.00,12200.00,12261.5384615384615385,13400.00
136452,PG0252,2017-02-17T10:05:00Z,2017-02-17T11:45:00Z,Anapa,Anapa Vityazevo Airport,37.347301483154,45.002101898193,SVO,Sheremetyevo International Airport,Moscow,37.4146,55.972599,Europe/Moscow,Arrived,2017-02-17T10:08:00Z,2017-02-17T11:48:00Z,0 years 0 mons 0 days 1 hours 40 mins 0.00 secs,Boeing 737-300,4200,12,Business,4831200.00,36600.00,36600.000000000000,36600.00
136452,PG0252,2017-02-17T10:05:00Z,2017-02-17T11:45:00Z,Anapa,Anapa Vityazevo Airport,37.347301483154,45.002101898193,SVO,Sheremetyevo International Airport,Moscow,37.4146,55.972599,Europe/Moscow,Arrived,2017-02-17T10:08:00Z,2017-02-17T11:48:00Z,0 years 0 mons 0 days 1 hours 40 mins 0.00 secs,Boeing 737-300,4200,118,Economy,141647200.00,12200.00,12248.9795918367346939,13400.00
136458,PG0252,2017-01-02T10:05:00Z,2017-01-02T11:45:00Z,Anapa,Anapa Vityazevo Airport,37.347301483154,45.002101898193,SVO,Sheremetyevo International Airport,Moscow,37.4146,55.972599,Europe/Moscow,Arrived,2017-01-02T10:07:00Z,2017-01-02T11:46:00Z,0 years 0 mons 0 days 1 hours 39 mins 0.00 secs,Boeing 737-300,4200,12,Business,3952800.00,36600.00,36600.000000000000,36600.00
136458,PG0252,2017-01-02T10:05:00Z,2017-01-02T11:45:00Z,Anapa,Anapa Vityazevo Airport,37.347301483154,45.002101898193,SVO,Sheremetyevo International Airport,Moscow,37.4146,55.972599,Europe/Moscow,Arrived,2017-01-02T10:07:00Z,2017-01-02T11:46:00Z,0 years 0 mons 0 days 1 hours 39 mins 0.00 secs,Boeing 737-300,4200,118,Economy,146249200.00,12200.00,12271.2871287128712871,13400.00
136463,PG0252,2017-01-20T10:05:00Z,2017-01-20T11:45:00Z,Anapa,Anapa Vityazevo Airport,37.347301483154,45.002101898193,SVO,Sheremetyevo International Airport,Moscow,37.4146,55.972599,Europe/Moscow,Arrived,2017-01-20T10:06:00Z,2017-01-20T11:45:00Z,0 years 0 mons 0 days 1 hours 39 mins 0.00 secs,Boeing 737-300,4200,12,Business,5270400.00,36600.00,36600.000000000000,36600.00
136463,PG0252,2017-01-20T10:05:00Z,2017-01-20T11:45:00Z,Anapa,Anapa Vityazevo Airport,37.347301483154,45.002101898193,SVO,Sheremetyevo International Airport,Moscow,37.4146,55.972599,Europe/Moscow,Arrived,2017-01-20T10:06:00Z,2017-01-20T11:45:00Z,0 years 0 mons 0 days 1 hours 39 mins 0.00 secs,Boeing 737-300,4200,118,Economy,159205600.00,12200.00,12265.4545454545454545,13400.00
136464,PG0252,2017-01-09T10:05:00Z,2017-01-09T11:45:00Z,Anapa,Anapa Vityazevo Airport,37.347301483154,45.002101898193,SVO,Sheremetyevo International Airport,Moscow,37.4146,55.972599,Europe/Moscow,Arrived,2017-01-09T10:07:00Z,2017-01-09T11:47:00Z,0 years 0 mons 0 days 1 hours 40 mins 0.00 secs,Boeing 737-300,4200,12,Business,3074400.00,36600.00,36600.000000000000,36600.00
136464,PG0252,2017-01-09T10:05:00Z,2017-01-09T11:45:00Z,Anapa,Anapa Vityazevo Airport,37.347301483154,45.002101898193,SVO,Sheremetyevo International Airport,Moscow,37.4146,55.972599,Europe/Moscow,Arrived,2017-01-09T10:07:00Z,2017-01-09T11:47:00Z,0 years 0 mons 0 days 1 hours 40 mins 0.00 secs,Boeing 737-300,4200,118,Economy,134732400.00,12200.00,12277.4193548387096774,13400.00
136471,PG0252,2017-01-17T10:05:00Z,2017-01-17T11:45:00Z,Anapa,Anapa Vityazevo Airport,37.347301483154,45.002101898193,SVO,Sheremetyevo International Airport,Moscow,37.4146,55.972599,Europe/Moscow,Arrived,2017-01-17T10:11:00Z,2017-01-17T11:51:00Z,0 years 0 mons 0 days 1 hours 40 mins 0.00 secs,Boeing 737-300,4200,12,Business,5270400.00,36600.00,36600.000000000000,36600.00
136471,PG0252,2017-01-17T10:05:00Z,2017-01-17T11:45:00Z,Anapa,Anapa Vityazevo Airport,37.347301483154,45.002101898193,SVO,Sheremetyevo International Airport,Moscow,37.4146,55.972599,Europe/Moscow,Arrived,2017-01-17T10:11:00Z,2017-01-17T11:51:00Z,0 years 0 mons 0 days 1 hours 40 mins 0.00 secs,Boeing 737-300,4200,118,Economy,156184800.00,12200.00,12255.5555555555555556,13400.00
136479,PG0252,2017-02-21T10:05:00Z,2017-02-21T11:45:00Z,Anapa,Anapa Vityazevo Airport,37.347301483154,45.002101898193,SVO,Sheremetyevo International Airport,Moscow,37.4146,55.972599,Europe/Moscow,Arrived,2017-02-21T10:08:00Z,2017-02-21T11:47:00Z,0 years 0 mons 0 days 1 hours 39 mins 0.00 secs,Boeing 737-300,4200,12,Business,4392000.00,36600.00,36600.000000000000,36600.00
136479,PG0252,2017-02-21T10:05:00Z,2017-02-21T11:45:00Z,Anapa,Anapa Vityazevo Airport,37.347301483154,45.002101898193,SVO,Sheremetyevo International Airport,Moscow,37.4146,55.972599,Europe/Moscow,Arrived,2017-02-21T10:08:00Z,2017-02-21T11:47:00Z,0 years 0 mons 0 days 1 hours 39 mins 0.00 secs,Boeing 737-300,4200,118,Economy,161943200.00,12200.00,12253.5714285714285714,13400.00
136485,PG0252,2017-01-27T10:05:00Z,2017-01-27T11:45:00Z,Anapa,Anapa Vityazevo Airport,37.347301483154,45.002101898193,SVO,Sheremetyevo International Airport,Moscow,37.4146,55.972599,Europe/Moscow,Arrived,2017-01-27T10:07:00Z,2017-01-27T11:47:00Z,0 years 0 mons 0 days 1 hours 40 mins 0.00 secs,Boeing 737-300,4200,12,Business,3952800.00,36600.00,36600.000000000000,36600.00
136485,PG0252,2017-01-27T10:05:00Z,2017-01-27T11:45:00Z,Anapa,Anapa Vityazevo Airport,37.347301483154,45.002101898193,SVO,Sheremetyevo International Airport,Moscow,37.4146,55.972599,Europe/Moscow,Arrived,2017-01-27T10:07:00Z,2017-01-27T11:47:00Z,0 years 0 mons 0 days 1 hours 40 mins 0.00 secs,Boeing 737-300,4200,118,Economy,140490800.00,12200.00,12274.2268041237113402,13400.00
136486,PG0252,2017-02-02T10:05:00Z,2017-02-02T11:45:00Z,Anapa,Anapa Vityazevo Airport,37.347301483154,45.002101898193,SVO,Sheremetyevo International Airport,Moscow,37.4146,55.972599,Europe/Moscow,Arrived,2017-02-02T10:07:00Z,2017-02-02T11:48:00Z,0 years 0 mons 0 days 1 hours 41 mins 0.00 secs,Boeing 737-300,4200,12,Business,3513600.00,36600.00,36600.000000000000,36600.00
136486,PG0252,2017-02-02T10:05:00Z,2017-02-02T11:45:00Z,Anapa,Anapa Vityazevo Airport,37.347301483154,45.002101898193,SVO,Sheremetyevo International Airport,Moscow,37.4146,55.972599,Europe/Moscow,Arrived,2017-02-02T10:07:00Z,2017-02-02T11:48:00Z,0 years 0 mons 0 days 1 hours 41 mins 0.00 secs,Boeing 737-300,4200,118,Economy,143086800.00,12200.00,12248.4848484848484848,13400.00
136511,PG0194,2017-02-21T06:10:00Z,2017-02-21T11:15:00Z,Anapa,Anapa Vityazevo Airport,37.347301483154,45.002101898193,NOZ,Spichenkovo Airport,Novokuznetsk,86.877197265625,53.8114013671875,Asia/Novokuznetsk,Arrived,2017-02-21T06:15:00Z,2017-02-21T11:25:00Z,0 years 0 mons 0 days 5 hours 10 mins 0.00 secs,Boeing 737-300,4200,130,,,,,
136513,PG0194,2017-02-28T06:10:00Z,2017-02-28T11:15:00Z,Anapa,Anapa Vityazevo Airport,37.347301483154,45.002101898193,NOZ,Spichenkovo Airport,Novokuznetsk,86.877197265625,53.8114013671875,Asia/Novokuznetsk,Arrived,2017-02-28T06:13:00Z,2017-02-28T11:23:00Z,0 years 0 mons 0 days 5 hours 10 mins 0.00 secs,Boeing 737-300,4200,130,,,,,
136514,PG0194,2017-02-07T06:10:00Z,2017-02-07T11:15:00Z,Anapa,Anapa Vityazevo Airport,37.347301483154,45.002101898193,NOZ,Spichenkovo Airport,Novokuznetsk,86.877197265625,53.8114013671875,Asia/Novokuznetsk,Arrived,2017-02-07T06:14:00Z,2017-02-07T11:13:00Z,0 years 0 mons 0 days 4 hours 59 mins 0.00 secs,Boeing 737-300,4200,130,,,,,
136523,PG0194,2017-01-10T06:10:00Z,2017-01-10T11:15:00Z,Anapa,Anapa Vityazevo Airport,37.347301483154,45.002101898193,NOZ,Spichenkovo Airport,Novokuznetsk,86.877197265625,53.8114013671875,Asia/Novokuznetsk,Arrived,2017-01-10T06:14:00Z,2017-01-10T11:26:00Z,0 years 0 mons 0 days 5 hours 12 mins 0.00 secs,Boeing 737-300,4200,130,,,,,
136540,PG0194,2017-01-17T06:10:00Z,2017-01-17T11:15:00Z,Anapa,Anapa Vityazevo Airport,37.347301483154,45.002101898193,NOZ,Spichenkovo Airport,Novokuznetsk,86.877197265625,53.8114013671875,Asia/Novokuznetsk,Arrived,2017-01-17T06:14:00Z,2017-01-17T11:21:00Z,0 years 0 mons 0 days 5 hours 7 mins 0.00 secs,Boeing 737-300,4200,130,,,,,
136544,PG0194,2017-01-31T06:10:00Z,2017-01-31T11:15:00Z,Anapa,Anapa Vityazevo Airport,37.347301483154,45.002101898193,NOZ,Spichenkovo Airport,Novokuznetsk,86.877197265625,53.8114013671875,Asia/Novokuznetsk,Arrived,2017-01-31T06:10:00Z,2017-01-31T11:14:00Z,0 years 0 mons 0 days 5 hours 4 mins 0.00 secs,Boeing 737-300,4200,130,,,,,
136546,PG0194,2017-01-03T06:10:00Z,2017-01-03T11:15:00Z,Anapa,Anapa Vityazevo Airport,37.347301483154,45.002101898193,NOZ,Spichenkovo Airport,Novokuznetsk,86.877197265625,53.8114013671875,Asia/Novokuznetsk,Arrived,2017-01-03T06:13:00Z,2017-01-03T11:15:00Z,0 years 0 mons 0 days 5 hours 2 mins 0.00 secs,Boeing 737-300,4200,130,,,,,
136560,PG0194,2017-01-24T06:10:00Z,2017-01-24T11:15:00Z,Anapa,Anapa Vityazevo Airport,37.347301483154,45.002101898193,NOZ,Spichenkovo Airport,Novokuznetsk,86.877197265625,53.8114013671875,Asia/Novokuznetsk,Arrived,2017-01-24T06:13:00Z,2017-01-24T11:18:00Z,0 years 0 mons 0 days 5 hours 5 mins 0.00 secs,Boeing 737-300,4200,130,,,,,
136567,PG0194,2017-02-14T06:10:00Z,2017-02-14T11:15:00Z,Anapa,Anapa Vityazevo Airport,37.347301483154,45.002101898193,NOZ,Spichenkovo Airport,Novokuznetsk,86.877197265625,53.8114013671875,Asia/Novokuznetsk,Arrived,2017-02-14T06:12:00Z,2017-02-14T11:23:00Z,0 years 0 mons 0 days 5 hours 11 mins 0.00 secs,Boeing 737-300,4200,130,,,,,
136571,PG0480,2017-01-25T09:25:00Z,2017-01-25T10:15:00Z,Anapa,Anapa Vityazevo Airport,37.347301483154,45.002101898193,EGO,Belgorod International Airport,Belgorod,36.5900993347168,50.643798828125,Europe/Moscow,Arrived,2017-01-25T09:28:00Z,2017-01-25T10:18:00Z,0 years 0 mons 0 days 0 hours 50 mins 0.00 secs,Sukhoi Superjet-100,3000,12,Business,2721600.00,18900.00,18900.000000000000,18900.00
136571,PG0480,2017-01-25T09:25:00Z,2017-01-25T10:15:00Z,Anapa,Anapa Vityazevo Airport,37.347301483154,45.002101898193,EGO,Belgorod International Airport,Belgorod,36.5900993347168,50.643798828125,Europe/Moscow,Arrived,2017-01-25T09:28:00Z,2017-01-25T10:18:00Z,0 years 0 mons 0 days 0 hours 50 mins 0.00 secs,Sukhoi Superjet-100,3000,85,Economy,44701500.00,6300.00,6336.1445783132530120,6900.00
136586,PG0480,2017-01-10T09:25:00Z,2017-01-10T10:15:00Z,Anapa,Anapa Vityazevo Airport,37.347301483154,45.002101898193,EGO,Belgorod International Airport,Belgorod,36.5900993347168,50.643798828125,Europe/Moscow,Arrived,2017-01-10T09:28:00Z,2017-01-10T10:18:00Z,0 years 0 mons 0 days 0 hours 50 mins 0.00 secs,Sukhoi Superjet-100,3000,12,Business,2721600.00,18900.00,18900.000000000000,18900.00
136586,PG0480,2017-01-10T09:25:00Z,2017-01-10T10:15:00Z,Anapa,Anapa Vityazevo Airport,37.347301483154,45.002101898193,EGO,Belgorod International Airport,Belgorod,36.5900993347168,50.643798828125,Europe/Moscow,Arrived,2017-01-10T09:28:00Z,2017-01-10T10:18:00Z,0 years 0 mons 0 days 0 hours 50 mins 0.00 secs,Sukhoi Superjet-100,3000,85,Economy,45237000.00,6300.00,6335.7142857142857143,6900.00
136600,PG0480,2017-02-08T09:25:00Z,2017-02-08T10:15:00Z,Anapa,Anapa Vityazevo Airport,37.347301483154,45.002101898193,EGO,Belgorod International Airport,Belgorod,36.5900993347168,50.643798828125,Europe/Moscow,Arrived,2017-02-08T09:26:00Z,2017-02-08T10:16:00Z,0 years 0 mons 0 days 0 hours 50 mins 0.00 secs,Sukhoi Superjet-100,3000,12,Business,2721600.00,18900.00,18900.000000000000,18900.00
136600,PG0480,2017-02-08T09:25:00Z,2017-02-08T10:15:00Z,Anapa,Anapa Vityazevo Airport,37.347301483154,45.002101898193,EGO,Belgorod International Airport,Belgorod,36.5900993347168,50.643798828125,Europe/Moscow,Arrived,2017-02-08T09:26:00Z,2017-02-08T10:16:00Z,0 years 0 mons 0 days 0 hours 50 mins 0.00 secs,Sukhoi Superjet-100,3000,85,Economy,45772500.00,6300.00,6335.2941176470588235,6900.00
136605,PG0480,2017-02-15T09:25:00Z,2017-02-15T10:15:00Z,Anapa,Anapa Vityazevo Airport,37.347301483154,45.002101898193,EGO,Belgorod International Airport,Belgorod,36.5900993347168,50.643798828125,Europe/Moscow,Arrived,2017-02-15T09:28:00Z,2017-02-15T10:19:00Z,0 years 0 mons 0 days 0 hours 51 mins 0.00 secs,Sukhoi Superjet-100,3000,12,Business,2721600.00,18900.00,18900.000000000000,18900.00
136605,PG0480,2017-02-15T09:25:00Z,2017-02-15T10:15:00Z,Anapa,Anapa Vityazevo Airport,37.347301483154,45.002101898193,EGO,Belgorod International Airport,Belgorod,36.5900993347168,50.643798828125,Europe/Moscow,Arrived,2017-02-15T09:28:00Z,2017-02-15T10:19:00Z,0 years 0 mons 0 days 0 hours 51 mins 0.00 secs,Sukhoi Superjet-100,3000,85,Economy,45772500.00,6300.00,6335.2941176470588235,6900.00
136609,PG0480,2017-01-08T09:25:00Z,2017-01-08T10:15:00Z,Anapa,Anapa Vityazevo Airport,37.347301483154,45.002101898193,EGO,Belgorod International Airport,Belgorod,36.5900993347168,50.643798828125,Europe/Moscow,Arrived,2017-01-08T09:28:00Z,2017-01-08T10:18:00Z,0 years 0 mons 0 days 0 hours 50 mins 0.00 secs,Sukhoi Superjet-100,3000,12,Business,2268000.00,18900.00,18900.000000000000,18900.00
136609,PG0480,2017-01-08T09:25:00Z,2017-01-08T10:15:00Z,Anapa,Anapa Vityazevo Airport,37.347301483154,45.002101898193,EGO,Belgorod International Airport,Belgorod,36.5900993347168,50.643798828125,Europe/Moscow,Arrived,2017-01-08T09:28:00Z,2017-01-08T10:18:00Z,0 years 0 mons 0 days 0 hours 50 mins 0.00 secs,Sukhoi Superjet-100,3000,85,Economy,38275500.00,6300.00,6342.2535211267605634,6900.00
136612,PG0480,2017-02-21T09:25:00Z,2017-02-21T10:15:00Z,Anapa,Anapa Vityazevo Airport,37.347301483154,45.002101898193,EGO,Belgorod International Airport,Belgorod,36.5900993347168,50.643798828125,Europe/Moscow,Arrived,2017-02-21T09:27:00Z,2017-02-21T10:17:00Z,0 years 0 mons 0 days 0 hours 50 mins 0.00 secs,Sukhoi Superjet-100,3000,12,Business,2721600.00,18900.00,18900.000000000000,18900.00
136612,PG0480,2017-02-21T09:25:00Z,2017-02-21T10:15:00Z,Anapa,Anapa Vityazevo Airport,37.347301483154,45.002101898193,EGO,Belgorod International Airport,Belgorod,36.5900993347168,50.643798828125,Europe/Moscow,Arrived,2017-02-21T09:27:00Z,2017-02-21T10:17:00Z,0 years 0 mons 0 days 0 hours 50 mins 0.00 secs,Sukhoi Superjet-100,3000,85,Economy,44166000.00,6300.00,6336.5853658536585366,6900.00
136620,PG0480,2017-02-17T09:25:00Z,2017-02-17T10:15:00Z,Anapa,Anapa Vityazevo Airport,37.347301483154,45.002101898193,EGO,Belgorod International Airport,Belgorod,36.5900993347168,50.643798828125,Europe/Moscow,Arrived,2017-02-17T09:30:00Z,2017-02-17T10:19:00Z,0 years 0 mons 0 days 0 hours 49 mins 0.00 secs,Sukhoi Superjet-100,3000,12,Business,2041200.00,18900.00,18900.000000000000,18900.00
136620,PG0480,2017-02-17T09:25:00Z,2017-02-17T10:15:00Z,Anapa,Anapa Vityazevo Airport,37.347301483154,45.002101898193,EGO,Belgorod International Airport,Belgorod,36.5900993347168,50.643798828125,Europe/Moscow,Arrived,2017-02-17T09:30:00Z,2017-02-17T10:19:00Z,0 years 0 mons 0 days 0 hours 49 mins 0.00 secs,Sukhoi Superjet-100,3000,85,Economy,37689000.00,6300.00,6334.2857142857142857,6900.00
136630,PG0480,2017-02-25T09:25:00Z,2017-02-25T10:15:00Z,Anapa,Anapa Vityazevo Airport,37.347301483154,45.002101898193,EGO,Belgorod International Airport,Belgorod,36.5900993347168,50.643798828125,Europe/Moscow,Arrived,2017-02-25T09:32:00Z,2017-02-25T10:22:00Z,0 years 0 mons 0 days 0 hours 50 mins 0.00 secs,Sukhoi Superjet-100,3000,12,Business,2721600.00,18900.00,18900.000000000000,18900.00
136630,PG0480,2017-02-25T09:25:00Z,2017-02-25T10:15:00Z,Anapa,Anapa Vityazevo Airport,37.347301483154,45.002101898193,EGO,Belgorod International Airport,Belgorod,36.5900993347168,50.643798828125,Europe/Moscow,Arrived,2017-02-25T09:32:00Z,2017-02-25T10:22:00Z,0 years 0 mons 0 days 0 hours 50 mins 0.00 secs,Sukhoi Superjet-100,3000,85,Economy,44166000.00,6300.00,6336.5853658536585366,6900.00
136632,PG0480,2017-01-07T09:25:00Z,2017-01-07T10:15:00Z,Anapa,Anapa Vityazevo Airport,37.347301483154,45.002101898193,EGO,Belgorod International Airport,Belgorod,36.5900993347168,50.643798828125,Europe/Moscow,Arrived,2017-01-07T12:42:00Z,2017-01-07T13:33:00Z,0 years 0 mons 0 days 0 hours 51 mins 0.00 secs,Sukhoi Superjet-100,3000,12,Business,2494800.00,18900.00,18900.000000000000,18900.00
136632,PG0480,2017-01-07T09:25:00Z,2017-01-07T10:15:00Z,Anapa,Anapa Vityazevo Airport,37.347301483154,45.002101898193,EGO,Belgorod International Airport,Belgorod,36.5900993347168,50.643798828125,Europe/Moscow,Arrived,2017-01-07T12:42:00Z,2017-01-07T13:33:00Z,0 years 0 mons 0 days 0 hours 51 mins 0.00 secs,Sukhoi Superjet-100,3000,85,Economy,43044000.00,6300.00,6330.0000000000000000,6900.00
136642,PG0480,2017-01-30T09:25:00Z,2017-01-30T10:15:00Z,Anapa,Anapa Vityazevo Airport,37.347301483154,45.002101898193,EGO,Belgorod International Airport,Belgorod,36.5900993347168,50.643798828125,Europe/Moscow,Arrived,2017-01-30T09:28:00Z,2017-01-30T10:17:00Z,0 years 0 mons 0 days 0 hours 49 mins 0.00 secs,Sukhoi Superjet-100,3000,12,Business,2268000.00,18900.00,18900.000000000000,18900.00
136642,PG0480,2017-01-30T09:25:00Z,2017-01-30T10:15:00Z,Anapa,Anapa Vityazevo Airport,37.347301483154,45.002101898193,EGO,Belgorod International Airport,Belgorod,36.5900993347168,50.643798828125,Europe/Moscow,Arrived,2017-01-30T09:28:00Z,2017-01-30T10:17:00Z,0 years 0 mons 0 days 0 hours 49 mins 0.00 secs,Sukhoi Superjet-100,3000,85,Economy,29070000.00,6300.00,6333.3333333333333333,6900.00
136645,PG0480,2017-01-05T09:25:00Z,2017-01-05T10:15:00Z,Anapa,Anapa Vityazevo Airport,37.347301483154,45.002101898193,EGO,Belgorod International Airport,Belgorod,36.5900993347168,50.643798828125,Europe/Moscow,Arrived,2017-01-05T09:29:00Z,2017-01-05T10:20:00Z,0 years 0 mons 0 days 0 hours 51 mins 0.00 secs,Sukhoi Superjet-100,3000,12,Business,2041200.00,18900.00,18900.000000000000,18900.00
136645,PG0480,2017-01-05T09:25:00Z,2017-01-05T10:15:00Z,Anapa,Anapa Vityazevo Airport,37.347301483154,45.002101898193,EGO,Belgorod International Airport,Belgorod,36.5900993347168,50.643798828125,Europe/Moscow,Arrived,2017-01-05T09:29:00Z,2017-01-05T10:20:00Z,0 years 0 mons 0 days 0 hours 51 mins 0.00 secs,Sukhoi Superjet-100,3000,85,Economy,39346500.00,6300.00,6341.0958904109589041,6900.00
136649,PG0480,2017-01-18T09:25:00Z,2017-01-18T10:15:00Z,Anapa,Anapa Vityazevo Airport,37.347301483154,45.002101898193,EGO,Belgorod International Airport,Belgorod,36.5900993347168,50.643798828125,Europe/Moscow,Arrived,2017-01-18T09:25:00Z,2017-01-18T10:15:00Z,0 years 0 mons 0 days 0 hours 50 mins 0.00 secs,Sukhoi Superjet-100,3000,12,Business,2721600.00,18900.00,18900.000000000000,18900.00
136649,PG0480,2017-01-18T09:25:00Z,2017-01-18T10:15:00Z,Anapa,Anapa Vityazevo Airport,37.347301483154,45.002101898193,EGO,Belgorod International Airport,Belgorod,36.5900993347168,50.643798828125,Europe/Moscow,Arrived,2017-01-18T09:25:00Z,2017-01-18T10:15:00Z,0 years 0 mons 0 days 0 hours 50 mins 0.00 secs,Sukhoi Superjet-100,3000,85,Economy,45237000.00,6300.00,6335.7142857142857143,6900.00
136654,PG0480,2017-01-19T09:25:00Z,2017-01-19T10:15:00Z,Anapa,Anapa Vityazevo Airport,37.347301483154,45.002101898193,EGO,Belgorod International Airport,Belgorod,36.5900993347168,50.643798828125,Europe/Moscow,Arrived,2017-01-19T09:28:00Z,2017-01-19T10:17:00Z,0 years 0 mons 0 days 0 hours 49 mins 0.00 secs,Sukhoi Superjet-100,3000,12,Business,2721600.00,18900.00,18900.000000000000,18900.00
136654,PG0480,2017-01-19T09:25:00Z,2017-01-19T10:15:00Z,Anapa,Anapa Vityazevo Airport,37.347301483154,45.002101898193,EGO,Belgorod International Airport,Belgorod,36.5900993347168,50.643798828125,Europe/Moscow,Arrived,2017-01-19T09:28:00Z,2017-01-19T10:17:00Z,0 years 0 mons 0 days 0 hours 49 mins 0.00 secs,Sukhoi Superjet-100,3000,85,Economy,45237000.00,6300.00,6335.7142857142857143,6900.00
136660,PG0480,2017-02-20T09:25:00Z,2017-02-20T10:15:00Z,Anapa,Anapa Vityazevo Airport,37.347301483154,45.002101898193,EGO,Belgorod International Airport,Belgorod,36.5900993347168,50.643798828125,Europe/Moscow,Arrived,2017-02-20T09:26:00Z,2017-02-20T10:15:00Z,0 years 0 mons 0 days 0 hours 49 mins 0.00 secs,Sukhoi Superjet-100,3000,12,Business,2268000.00,18900.00,18900.000000000000,18900.00
136660,PG0480,2017-02-20T09:25:00Z,2017-02-20T10:15:00Z,Anapa,Anapa Vityazevo Airport,37.347301483154,45.002101898193,EGO,Belgorod International Airport,Belgorod,36.5900993347168,50.643798828125,Europe/Moscow,Arrived,2017-02-20T09:26:00Z,2017-02-20T10:15:00Z,0 years 0 mons 0 days 0 hours 49 mins 0.00 secs,Sukhoi Superjet-100,3000,85,Economy,41488500.00,6300.00,6338.9610389610389610,6900.00
136661,PG0480,2017-01-01T09:25:00Z,2017-01-01T10:15:00Z,Anapa,Anapa Vityazevo Airport,37.347301483154,45.002101898193,EGO,Belgorod International Airport,Belgorod,36.5900993347168,50.643798828125,Europe/Moscow,Arrived,2017-01-01T09:27:00Z,2017-01-01T10:17:00Z,0 years 0 mons 0 days 0 hours 50 mins 0.00 secs,Sukhoi Superjet-100,3000,12,Business,2721600.00,18900.00,18900.000000000000,18900.00
136661,PG0480,2017-01-01T09:25:00Z,2017-01-01T10:15:00Z,Anapa,Anapa Vityazevo Airport,37.347301483154,45.002101898193,EGO,Belgorod International Airport,Belgorod,36.5900993347168,50.643798828125,Europe/Moscow,Arrived,2017-01-01T09:27:00Z,2017-01-01T10:17:00Z,0 years 0 mons 0 days 0 hours 50 mins 0.00 secs,Sukhoi Superjet-100,3000,85,Economy,45237000.00,6300.00,6335.7142857142857143,6900.00
136666,PG0480,2017-02-09T09:25:00Z,2017-02-09T10:15:00Z,Anapa,Anapa Vityazevo Airport,37.347301483154,45.002101898193,EGO,Belgorod International Airport,Belgorod,36.5900993347168,50.643798828125,Europe/Moscow,Arrived,2017-02-09T09:26:00Z,2017-02-09T10:16:00Z,0 years 0 mons 0 days 0 hours 50 mins 0.00 secs,Sukhoi Superjet-100,3000,12,Business,2041200.00,18900.00,18900.000000000000,18900.00
136666,PG0480,2017-02-09T09:25:00Z,2017-02-09T10:15:00Z,Anapa,Anapa Vityazevo Airport,37.347301483154,45.002101898193,EGO,Belgorod International Airport,Belgorod,36.5900993347168,50.643798828125,Europe/Moscow,Arrived,2017-02-09T09:26:00Z,2017-02-09T10:16:00Z,0 years 0 mons 0 days 0 hours 50 mins 0.00 secs,Sukhoi Superjet-100,3000,85,Economy,42024000.00,6300.00,6338.4615384615384615,6900.00
136669,PG0480,2017-01-17T09:25:00Z,2017-01-17T10:15:00Z,Anapa,Anapa Vityazevo Airport,37.347301483154,45.002101898193,EGO,Belgorod International Airport,Belgorod,36.5900993347168,50.643798828125,Europe/Moscow,Arrived,2017-01-17T09:26:00Z,2017-01-17T10:17:00Z,0 years 0 mons 0 days 0 hours 51 mins 0.00 secs,Sukhoi Superjet-100,3000,12,Business,2721600.00,18900.00,18900.000000000000,18900.00
136669,PG0480,2017-01-17T09:25:00Z,2017-01-17T10:15:00Z,Anapa,Anapa Vityazevo Airport,37.347301483154,45.002101898193,EGO,Belgorod International Airport,Belgorod,36.5900993347168,50.643798828125,Europe/Moscow,Arrived,2017-01-17T09:26:00Z,2017-01-17T10:17:00Z,0 years 0 mons 0 days 0 hours 51 mins 0.00 secs,Sukhoi Superjet-100,3000,85,Economy,44701500.00,6300.00,6336.1445783132530120,6900.00
136672,PG0480,2017-02-03T09:25:00Z,2017-02-03T10:15:00Z,Anapa,Anapa Vityazevo Airport,37.347301483154,45.002101898193,EGO,Belgorod International Airport,Belgorod,36.5900993347168,50.643798828125,Europe/Moscow,Arrived,2017-02-03T09:28:00Z,2017-02-03T10:18:00Z,0 years 0 mons 0 days 0 hours 50 mins 0.00 secs,Sukhoi Superjet-100,3000,12,Business,2721600.00,18900.00,18900.000000000000,18900.00
136672,PG0480,2017-02-03T09:25:00Z,2017-02-03T10:15:00Z,Anapa,Anapa Vityazevo Airport,37.347301483154,45.002101898193,EGO,Belgorod International Airport,Belgorod,36.5900993347168,50.643798828125,Europe/Moscow,Arrived,2017-02-03T09:28:00Z,2017-02-03T10:18:00Z,0 years 0 mons 0 days 0 hours 50 mins 0.00 secs,Sukhoi Superjet-100,3000,85,Economy,45237000.00,6300.00,6335.7142857142857143,6900.00
136678,PG0480,2017-01-28T09:25:00Z,2017-01-28T10:15:00Z,Anapa,Anapa Vityazevo Airport,37.347301483154,45.002101898193,EGO,Belgorod International Airport,Belgorod,36.5900993347168,50.643798828125,Europe/Moscow,Arrived,2017-01-28T09:27:00Z,2017-01-28T10:17:00Z,0 years 0 mons 0 days 0 hours 50 mins 0.00 secs,Sukhoi Superjet-100,3000,12,Business,2268000.00,18900.00,18900.000000000000,18900.00
136678,PG0480,2017-01-28T09:25:00Z,2017-01-28T10:15:00Z,Anapa,Anapa Vityazevo Airport,37.347301483154,45.002101898193,EGO,Belgorod International Airport,Belgorod,36.5900993347168,50.643798828125,Europe/Moscow,Arrived,2017-01-28T09:27:00Z,2017-01-28T10:17:00Z,0 years 0 mons 0 days 0 hours 50 mins 0.00 secs,Sukhoi Superjet-100,3000,85,Economy,37587000.00,6300.00,6317.1428571428571429,6900.00
136706,PG0480,2017-01-06T09:25:00Z,2017-01-06T10:15:00Z,Anapa,Anapa Vityazevo Airport,37.347301483154,45.002101898193,EGO,Belgorod International Airport,Belgorod,36.5900993347168,50.643798828125,Europe/Moscow,Arrived,2017-01-06T09:30:00Z,2017-01-06T10:20:00Z,0 years 0 mons 0 days 0 hours 50 mins 0.00 secs,Sukhoi Superjet-100,3000,12,Business,2494800.00,18900.00,18900.000000000000,18900.00
136706,PG0480,2017-01-06T09:25:00Z,2017-01-06T10:15:00Z,Anapa,Anapa Vityazevo Airport,37.347301483154,45.002101898193,EGO,Belgorod International Airport,Belgorod,36.5900993347168,50.643798828125,Europe/Moscow,Arrived,2017-01-06T09:30:00Z,2017-01-06T10:20:00Z,0 years 0 mons 0 days 0 hours 50 mins 0.00 secs,Sukhoi Superjet-100,3000,85,Economy,45237000.00,6300.00,6335.7142857142857143,6900.00
136709,PG0480,2017-01-15T09:25:00Z,2017-01-15T10:15:00Z,Anapa,Anapa Vityazevo Airport,37.347301483154,45.002101898193,EGO,Belgorod International Airport,Belgorod,36.5900993347168,50.643798828125,Europe/Moscow,Arrived,2017-01-15T09:28:00Z,2017-01-15T10:18:00Z,0 years 0 mons 0 days 0 hours 50 mins 0.00 secs,Sukhoi Superjet-100,3000,12,Business,2494800.00,18900.00,18900.000000000000,18900.00
136709,PG0480,2017-01-15T09:25:00Z,2017-01-15T10:15:00Z,Anapa,Anapa Vityazevo Airport,37.347301483154,45.002101898193,EGO,Belgorod International Airport,Belgorod,36.5900993347168,50.643798828125,Europe/Moscow,Arrived,2017-01-15T09:28:00Z,2017-01-15T10:18:00Z,0 years 0 mons 0 days 0 hours 50 mins 0.00 secs,Sukhoi Superjet-100,3000,85,Economy,40953000.00,6300.00,6339.4736842105263158,6900.00
136720,PG0480,2017-01-26T09:25:00Z,2017-01-26T10:15:00Z,Anapa,Anapa Vityazevo Airport,37.347301483154,45.002101898193,EGO,Belgorod International Airport,Belgorod,36.5900993347168,50.643798828125,Europe/Moscow,Arrived,2017-01-26T09:29:00Z,2017-01-26T10:19:00Z,0 years 0 mons 0 days 0 hours 50 mins 0.00 secs,Sukhoi Superjet-100,3000,12,Business,2721600.00,18900.00,18900.000000000000,18900.00
136720,PG0480,2017-01-26T09:25:00Z,2017-01-26T10:15:00Z,Anapa,Anapa Vityazevo Airport,37.347301483154,45.002101898193,EGO,Belgorod International Airport,Belgorod,36.5900993347168,50.643798828125,Europe/Moscow,Arrived,2017-01-26T09:29:00Z,2017-01-26T10:19:00Z,0 years 0 mons 0 days 0 hours 50 mins 0.00 secs,Sukhoi Superjet-100,3000,85,Economy,44701500.00,6300.00,6336.1445783132530120,6900.00
136729,PG0480,2017-01-29T09:25:00Z,2017-01-29T10:15:00Z,Anapa,Anapa Vityazevo Airport,37.347301483154,45.002101898193,EGO,Belgorod International Airport,Belgorod,36.5900993347168,50.643798828125,Europe/Moscow,Arrived,2017-01-29T09:29:00Z,2017-01-29T10:19:00Z,0 years 0 mons 0 days 0 hours 50 mins 0.00 secs,Sukhoi Superjet-100,3000,12,Business,2494800.00,18900.00,18900.000000000000,18900.00
136729,PG0480,2017-01-29T09:25:00Z,2017-01-29T10:15:00Z,Anapa,Anapa Vityazevo Airport,37.347301483154,45.002101898193,EGO,Belgorod International Airport,Belgorod,36.5900993347168,50.643798828125,Europe/Moscow,Arrived,2017-01-29T09:29:00Z,2017-01-29T10:19:00Z,0 years 0 mons 0 days 0 hours 50 mins 0.00 secs,Sukhoi Superjet-100,3000,85,Economy,41437500.00,6300.00,6331.1688311688311688,6900.00
136733,PG0480,2017-01-09T09:25:00Z,2017-01-09T10:15:00Z,Anapa,Anapa Vityazevo Airport,37.347301483154,45.002101898193,EGO,Belgorod International Airport,Belgorod,36.5900993347168,50.643798828125,Europe/Moscow,Arrived,2017-01-09T09:27:00Z,2017-01-09T10:18:00Z,0 years 0 mons 0 days 0 hours 51 mins 0.00 secs,Sukhoi Superjet-100,3000,12,Business,2721600.00,18900.00,18900.000000000000,18900.00
136733,PG0480,2017-01-09T09:25:00Z,2017-01-09T10:15:00Z,Anapa,Anapa Vityazevo Airport,37.347301483154,45.002101898193,EGO,Belgorod International Airport,Belgorod,36.5900993347168,50.643798828125,Europe/Moscow,Arrived,2017-01-09T09:27:00Z,2017-01-09T10:18:00Z,0 years 0 mons 0 days 0 hours 51 mins 0.00 secs,Sukhoi Superjet-100,3000,85,Economy,44166000.00,6300.00,6336.5853658536585366,6900.00
136754,PG0480,2017-02-06T09:25:00Z,2017-02-06T10:15:00Z,Anapa,Anapa Vityazevo Airport,37.347301483154,45.002101898193,EGO,Belgorod International Airport,Belgorod,36.5900993347168,50.643798828125,Europe/Moscow,Arrived,2017-02-06T09:29:00Z,2017-02-06T10:18:00Z,0 years 0 mons 0 days 0 hours 49 mins 0.00 secs,Sukhoi Superjet-100,3000,12,Business,2721600.00,18900.00,18900.000000000000,18900.00
136754,PG0480,2017-02-06T09:25:00Z,2017-02-06T10:15:00Z,Anapa,Anapa Vityazevo Airport,37.347301483154,45.002101898193,EGO,Belgorod International Airport,Belgorod,36.5900993347168,50.643798828125,Europe/Moscow,Arrived,2017-02-06T09:29:00Z,2017-02-06T10:18:00Z,0 years 0 mons 0 days 0 hours 49 mins 0.00 secs,Sukhoi Superjet-100,3000,85,Economy,42024000.00,6300.00,6338.4615384615384615,6900.00
136755,PG0480,2017-01-21T09:25:00Z,2017-01-21T10:15:00Z,Anapa,Anapa Vityazevo Airport,37.347301483154,45.002101898193,EGO,Belgorod International Airport,Belgorod,36.5900993347168,50.643798828125,Europe/Moscow,Arrived,2017-01-21T09:30:00Z,2017-01-21T10:20:00Z,0 years 0 mons 0 days 0 hours 50 mins 0.00 secs,Sukhoi Superjet-100,3000,12,Business,2721600.00,18900.00,18900.000000000000,18900.00
136755,PG0480,2017-01-21T09:25:00Z,2017-01-21T10:15:00Z,Anapa,Anapa Vityazevo Airport,37.347301483154,45.002101898193,EGO,Belgorod International Airport,Belgorod,36.5900993347168,50.643798828125,Europe/Moscow,Arrived,2017-01-21T09:30:00Z,2017-01-21T10:20:00Z,0 years 0 mons 0 days 0 hours 50 mins 0.00 secs,Sukhoi Superjet-100,3000,85,Economy,45772500.00,6300.00,6335.2941176470588235,6900.00
136757,PG0480,2017-01-27T09:25:00Z,2017-01-27T10:15:00Z,Anapa,Anapa Vityazevo Airport,37.347301483154,45.002101898193,EGO,Belgorod International Airport,Belgorod,36.5900993347168,50.643798828125,Europe/Moscow,Arrived,2017-01-27T09:30:00Z,2017-01-27T10:19:00Z,0 years 0 mons 0 days 0 hours 49 mins 0.00 secs,Sukhoi Superjet-100,3000,12,Business,2721600.00,18900.00,18900.000000000000,18900.00
136757,PG0480,2017-01-27T09:25:00Z,2017-01-27T10:15:00Z,Anapa,Anapa Vityazevo Airport,37.347301483154,45.002101898193,EGO,Belgorod International Airport,Belgorod,36.5900993347168,50.643798828125,Europe/Moscow,Arrived,2017-01-27T09:30:00Z,2017-01-27T10:19:00Z,0 years 0 mons 0 days 0 hours 49 mins 0.00 secs,Sukhoi Superjet-100,3000,85,Economy,45772500.00,6300.00,6335.2941176470588235,6900.00
136758,PG0480,2017-01-12T09:25:00Z,2017-01-12T10:15:00Z,Anapa,Anapa Vityazevo Airport,37.347301483154,45.002101898193,EGO,Belgorod International Airport,Belgorod,36.5900993347168,50.643798828125,Europe/Moscow,Arrived,2017-01-12T09:26:00Z,2017-01-12T10:15:00Z,0 years 0 mons 0 days 0 hours 49 mins 0.00 secs,Sukhoi Superjet-100,3000,12,Business,2721600.00,18900.00,18900.000000000000,18900.00
136758,PG0480,2017-01-12T09:25:00Z,2017-01-12T10:15:00Z,Anapa,Anapa Vityazevo Airport,37.347301483154,45.002101898193,EGO,Belgorod International Airport,Belgorod,36.5900993347168,50.643798828125,Europe/Moscow,Arrived,2017-01-12T09:26:00Z,2017-01-12T10:15:00Z,0 years 0 mons 0 days 0 hours 49 mins 0.00 secs,Sukhoi Superjet-100,3000,85,Economy,45772500.00,6300.00,6335.2941176470588235,6900.00
136767,PG0480,2017-01-23T09:25:00Z,2017-01-23T10:15:00Z,Anapa,Anapa Vityazevo Airport,37.347301483154,45.002101898193,EGO,Belgorod International Airport,Belgorod,36.5900993347168,50.643798828125,Europe/Moscow,Arrived,2017-01-23T09:27:00Z,2017-01-23T10:18:00Z,0 years 0 mons 0 days 0 hours 51 mins 0.00 secs,Sukhoi Superjet-100,3000,12,Business,2268000.00,18900.00,18900.000000000000,18900.00
136767,PG0480,2017-01-23T09:25:00Z,2017-01-23T10:15:00Z,Anapa,Anapa Vityazevo Airport,37.347301483154,45.002101898193,EGO,Belgorod International Airport,Belgorod,36.5900993347168,50.643798828125,Europe/Moscow,Arrived,2017-01-23T09:27:00Z,2017-01-23T10:18:00Z,0 years 0 mons 0 days 0 hours 51 mins 0.00 secs,Sukhoi Superjet-100,3000,85,Economy,39295500.00,6300.00,6332.8767123287671233,6900.00
136769,PG0480,2017-02-10T09:25:00Z,2017-02-10T10:15:00Z,Anapa,Anapa Vityazevo Airport,37.347301483154,45.002101898193,EGO,Belgorod International Airport,Belgorod,36.5900993347168,50.643798828125,Europe/Moscow,Arrived,2017-02-10T09:30:00Z,2017-02-10T10:21:00Z,0 years 0 mons 0 days 0 hours 51 mins 0.00 secs,Sukhoi Superjet-100,3000,12,Business,2494800.00,18900.00,18900.000000000000,18900.00
136769,PG0480,2017-02-10T09:25:00Z,2017-02-10T10:15:00Z,Anapa,Anapa Vityazevo Airport,37.347301483154,45.002101898193,EGO,Belgorod International Airport,Belgorod,36.5900993347168,50.643798828125,Europe/Moscow,Arrived,2017-02-10T09:30:00Z,2017-02-10T10:21:00Z,0 years 0 mons 0 days 0 hours 51 mins 0.00 secs,Sukhoi Superjet-100,3000,85,Economy,41488500.00,6300.00,6338.9610389610389610,6900.00
136778,PG0480,2017-02-22T09:25:00Z,2017-02-22T10:15:00Z,Anapa,Anapa Vityazevo Airport,37.347301483154,45.002101898193,EGO,Belgorod International Airport,Belgorod,36.5900993347168,50.643798828125,Europe/Moscow,Arrived,2017-02-22T09:26:00Z,2017-02-22T10:16:00Z,0 years 0 mons 0 days 0 hours 50 mins 0.00 secs,Sukhoi Superjet-100,3000,12,Business,2721600.00,18900.00,18900.000000000000,18900.00
136778,PG0480,2017-02-22T09:25:00Z,2017-02-22T10:15:00Z,Anapa,Anapa Vityazevo Airport,37.347301483154,45.002101898193,EGO,Belgorod International Airport,Belgorod,36.5900993347168,50.643798828125,Europe/Moscow,Arrived,2017-02-22T09:26:00Z,2017-02-22T10:16:00Z,0 years 0 mons 0 days 0 hours 50 mins 0.00 secs,Sukhoi Superjet-100,3000,85,Economy,45237000.00,6300.00,6335.7142857142857143,6900.00
136780,PG0480,2017-02-24T09:25:00Z,2017-02-24T10:15:00Z,Anapa,Anapa Vityazevo Airport,37.347301483154,45.002101898193,EGO,Belgorod International Airport,Belgorod,36.5900993347168,50.643798828125,Europe/Moscow,Arrived,2017-02-24T09:30:00Z,2017-02-24T10:20:00Z,0 years 0 mons 0 days 0 hours 50 mins 0.00 secs,Sukhoi Superjet-100,3000,12,Business,2721600.00,18900.00,18900.000000000000,18900.00
136780,PG0480,2017-02-24T09:25:00Z,2017-02-24T10:15:00Z,Anapa,Anapa Vityazevo Airport,37.347301483154,45.002101898193,EGO,Belgorod International Airport,Belgorod,36.5900993347168,50.643798828125,Europe/Moscow,Arrived,2017-02-24T09:30:00Z,2017-02-24T10:20:00Z,0 years 0 mons 0 days 0 hours 50 mins 0.00 secs,Sukhoi Superjet-100,3000,85,Economy,41488500.00,6300.00,6338.9610389610389610,6900.00
136781,PG0480,2017-01-14T09:25:00Z,2017-01-14T10:15:00Z,Anapa,Anapa Vityazevo Airport,37.347301483154,45.002101898193,EGO,Belgorod International Airport,Belgorod,36.5900993347168,50.643798828125,Europe/Moscow,Arrived,2017-01-14T09:26:00Z,2017-01-14T10:16:00Z,0 years 0 mons 0 days 0 hours 50 mins 0.00 secs,Sukhoi Superjet-100,3000,12,Business,2721600.00,18900.00,18900.000000000000,18900.00
136781,PG0480,2017-01-14T09:25:00Z,2017-01-14T10:15:00Z,Anapa,Anapa Vityazevo Airport,37.347301483154,45.002101898193,EGO,Belgorod International Airport,Belgorod,36.5900993347168,50.643798828125,Europe/Moscow,Arrived,2017-01-14T09:26:00Z,2017-01-14T10:16:00Z,0 years 0 mons 0 days 0 hours 50 mins 0.00 secs,Sukhoi Superjet-100,3000,85,Economy,45772500.00,6300.00,6335.2941176470588235,6900.00
136802,PG0480,2017-02-26T09:25:00Z,2017-02-26T10:15:00Z,Anapa,Anapa Vityazevo Airport,37.347301483154,45.002101898193,EGO,Belgorod International Airport,Belgorod,36.5900993347168,50.643798828125,Europe/Moscow,Arrived,2017-02-26T09:32:00Z,2017-02-26T10:22:00Z,0 years 0 mons 0 days 0 hours 50 mins 0.00 secs,Sukhoi Superjet-100,3000,12,Business,2494800.00,18900.00,18900.000000000000,18900.00
136802,PG0480,2017-02-26T09:25:00Z,2017-02-26T10:15:00Z,Anapa,Anapa Vityazevo Airport,37.347301483154,45.002101898193,EGO,Belgorod International Airport,Belgorod,36.5900993347168,50.643798828125,Europe/Moscow,Arrived,2017-02-26T09:32:00Z,2017-02-26T10:22:00Z,0 years 0 mons 0 days 0 hours 50 mins 0.00 secs,Sukhoi Superjet-100,3000,85,Economy,45772500.00,6300.00,6335.2941176470588235,6900.00
136807,PG0480,2017-02-23T09:25:00Z,2017-02-23T10:15:00Z,Anapa,Anapa Vityazevo Airport,37.347301483154,45.002101898193,EGO,Belgorod International Airport,Belgorod,36.5900993347168,50.643798828125,Europe/Moscow,Arrived,2017-02-23T09:28:00Z,2017-02-23T10:18:00Z,0 years 0 mons 0 days 0 hours 50 mins 0.00 secs,Sukhoi Superjet-100,3000,12,Business,1814400.00,18900.00,18900.000000000000,18900.00
136807,PG0480,2017-02-23T09:25:00Z,2017-02-23T10:15:00Z,Anapa,Anapa Vityazevo Airport,37.347301483154,45.002101898193,EGO,Belgorod International Airport,Belgorod,36.5900993347168,50.643798828125,Europe/Moscow,Arrived,2017-02-23T09:28:00Z,2017-02-23T10:18:00Z,0 years 0 mons 0 days 0 hours 50 mins 0.00 secs,Sukhoi Superjet-100,3000,85,Economy,32283000.00,6300.00,6330.0000000000000000,6900.00
136815,PG0480,2017-02-19T09:25:00Z,2017-02-19T10:15:00Z,Anapa,Anapa Vityazevo Airport,37.347301483154,45.002101898193,EGO,Belgorod International Airport,Belgorod,36.5900993347168,50.643798828125,Europe/Moscow,Arrived,2017-02-19T09:26:00Z,2017-02-19T10:17:00Z,0 years 0 mons 0 days 0 hours 51 mins 0.00 secs,Sukhoi Superjet-100,3000,12,Business,2721600.00,18900.00,18900.000000000000,18900.00
136815,PG0480,2017-02-19T09:25:00Z,2017-02-19T10:15:00Z,Anapa,Anapa Vityazevo Airport,37.347301483154,45.002101898193,EGO,Belgorod International Airport,Belgorod,36.5900993347168,50.643798828125,Europe/Moscow,Arrived,2017-02-19T09:26:00Z,2017-02-19T10:17:00Z,0 years 0 mons 0 days 0 hours 51 mins 0.00 secs,Sukhoi Superjet-100,3000,85,Economy,45772500.00,6300.00,6335.2941176470588235,6900.00
136819,PG0480,2017-01-04T09:25:00Z,2017-01-04T10:15:00Z,Anapa,Anapa Vityazevo Airport,37.347301483154,45.002101898193,EGO,Belgorod International Airport,Belgorod,36.5900993347168,50.643798828125,Europe/Moscow,Arrived,2017-01-04T09:29:00Z,2017-01-04T10:19:00Z,0 years 0 mons 0 days 0 hours 50 mins 0.00 secs,Sukhoi Superjet-100,3000,12,Business,2721600.00,18900.00,18900.000000000000,18900.00
136819,PG0480,2017-01-04T09:25:00Z,2017-01-04T10:15:00Z,Anapa,Anapa Vityazevo Airport,37.347301483154,45.002101898193,EGO,Belgorod International Airport,Belgorod,36.5900993347168,50.643798828125,Europe/Moscow,Arrived,2017-01-04T09:29:00Z,2017-01-04T10:19:00Z,0 years 0 mons 0 days 0 hours 50 mins 0.00 secs,Sukhoi Superjet-100,3000,85,Economy,45237000.00,6300.00,6335.7142857142857143,6900.00
136823,PG0480,2017-02-05T09:25:00Z,2017-02-05T10:15:00Z,Anapa,Anapa Vityazevo Airport,37.347301483154,45.002101898193,EGO,Belgorod International Airport,Belgorod,36.5900993347168,50.643798828125,Europe/Moscow,Arrived,2017-02-05T09:27:00Z,2017-02-05T10:18:00Z,0 years 0 mons 0 days 0 hours 51 mins 0.00 secs,Sukhoi Superjet-100,3000,12,Business,2268000.00,18900.00,18900.000000000000,18900.00
136823,PG0480,2017-02-05T09:25:00Z,2017-02-05T10:15:00Z,Anapa,Anapa Vityazevo Airport,37.347301483154,45.002101898193,EGO,Belgorod International Airport,Belgorod,36.5900993347168,50.643798828125,Europe/Moscow,Arrived,2017-02-05T09:27:00Z,2017-02-05T10:18:00Z,0 years 0 mons 0 days 0 hours 51 mins 0.00 secs,Sukhoi Superjet-100,3000,85,Economy,36669000.00,6300.00,6344.1176470588235294,6900.00
136827,PG0480,2017-02-18T09:25:00Z,2017-02-18T10:15:00Z,Anapa,Anapa Vityazevo Airport,37.347301483154,45.002101898193,EGO,Belgorod International Airport,Belgorod,36.5900993347168,50.643798828125,Europe/Moscow,Arrived,2017-02-18T09:26:00Z,2017-02-18T10:17:00Z,0 years 0 mons 0 days 0 hours 51 mins 0.00 secs,Sukhoi Superjet-100,3000,12,Business,2721600.00,18900.00,18900.000000000000,18900.00
136827,PG0480,2017-02-18T09:25:00Z,2017-02-18T10:15:00Z,Anapa,Anapa Vityazevo Airport,37.347301483154,45.002101898193,EGO,Belgorod International Airport,Belgorod,36.5900993347168,50.643798828125,Europe/Moscow,Arrived,2017-02-18T09:26:00Z,2017-02-18T10:17:00Z,0 years 0 mons 0 days 0 hours 51 mins 0.00 secs,Sukhoi Superjet-100,3000,85,Economy,45772500.00,6300.00,6335.2941176470588235,6900.00
136838,PG0480,2017-01-24T09:25:00Z,2017-01-24T10:15:00Z,Anapa,Anapa Vityazevo Airport,37.347301483154,45.002101898193,EGO,Belgorod International Airport,Belgorod,36.5900993347168,50.643798828125,Europe/Moscow,Arrived,2017-01-24T09:30:00Z,2017-01-24T10:21:00Z,0 years 0 mons 0 days 0 hours 51 mins 0.00 secs,Sukhoi Superjet-100,3000,12,Business,2268000.00,18900.00,18900.000000000000,18900.00
136838,PG0480,2017-01-24T09:25:00Z,2017-01-24T10:15:00Z,Anapa,Anapa Vityazevo Airport,37.347301483154,45.002101898193,EGO,Belgorod International Airport,Belgorod,36.5900993347168,50.643798828125,Europe/Moscow,Arrived,2017-01-24T09:30:00Z,2017-01-24T10:21:00Z,0 years 0 mons 0 days 0 hours 51 mins 0.00 secs,Sukhoi Superjet-100,3000,85,Economy,40902000.00,6300.00,6331.5789473684210526,6900.00
136841,PG0480,2017-02-07T09:25:00Z,2017-02-07T10:15:00Z,Anapa,Anapa Vityazevo Airport,37.347301483154,45.002101898193,EGO,Belgorod International Airport,Belgorod,36.5900993347168,50.643798828125,Europe/Moscow,Arrived,2017-02-07T09:25:00Z,2017-02-07T10:16:00Z,0 years 0 mons 0 days 0 hours 51 mins 0.00 secs,Sukhoi Superjet-100,3000,12,Business,2721600.00,18900.00,18900.000000000000,18900.00
136841,PG0480,2017-02-07T09:25:00Z,2017-02-07T10:15:00Z,Anapa,Anapa Vityazevo Airport,37.347301483154,45.002101898193,EGO,Belgorod International Airport,Belgorod,36.5900993347168,50.643798828125,Europe/Moscow,Arrived,2017-02-07T09:25:00Z,2017-02-07T10:16:00Z,0 years 0 mons 0 days 0 hours 51 mins 0.00 secs,Sukhoi Superjet-100,3000,85,Economy,45772500.00,6300.00,6335.2941176470588235,6900.00
136844,PG0480,2017-02-28T09:25:00Z,2017-02-28T10:15:00Z,Anapa,Anapa Vityazevo Airport,37.347301483154,45.002101898193,EGO,Belgorod International Airport,Belgorod,36.5900993347168,50.643798828125,Europe/Moscow,Arrived,2017-02-28T09:26:00Z,2017-02-28T10:16:00Z,0 years 0 mons 0 days 0 hours 50 mins 0.00 secs,Sukhoi Superjet-100,3000,12,Business,1360800.00,18900.00,18900.000000000000,18900.00
136844,PG0480,2017-02-28T09:25:00Z,2017-02-28T10:15:00Z,Anapa,Anapa Vityazevo Airport,37.347301483154,45.002101898193,EGO,Belgorod International Airport,Belgorod,36.5900993347168,50.643798828125,Europe/Moscow,Arrived,2017-02-28T09:26:00Z,2017-02-28T10:16:00Z,0 years 0 mons 0 days 0 hours 50 mins 0.00 secs,Sukhoi Superjet-100,3000,85,Economy,39244500.00,6300.00,6324.6575342465753425,6900.00
136855,PG0480,2017-01-11T09:25:00Z,2017-01-11T10:15:00Z,Anapa,Anapa Vityazevo Airport,37.347301483154,45.002101898193,EGO,Belgorod International Airport,Belgorod,36.5900993347168,50.643798828125,Europe/Moscow,Arrived,2017-01-11T12:07:00Z,2017-01-11T12:57:00Z,0 years 0 mons 0 days 0 hours 50 mins 0.00 secs,Sukhoi Superjet-100,3000,12,Business,2721600.00,18900.00,18900.000000000000,18900.00
136855,PG0480,2017-01-11T09:25:00Z,2017-01-11T10:15:00Z,Anapa,Anapa Vityazevo Airport,37.347301483154,45.002101898193,EGO,Belgorod International Airport,Belgorod,36.5900993347168,50.643798828125,Europe/Moscow,Arrived,2017-01-11T12:07:00Z,2017-01-11T12:57:00Z,0 years 0 mons 0 days 0 hours 50 mins 0.00 secs,Sukhoi Superjet-100,3000,85,Economy,40417500.00,6300.00,6340.0000000000000000,6900.00
136857,PG0480,2017-02-13T09:25:00Z,2017-02-13T10:15:00Z,Anapa,Anapa Vityazevo Airport,37.347301483154,45.002101898193,EGO,Belgorod International Airport,Belgorod,36.5900993347168,50.643798828125,Europe/Moscow,Arrived,2017-02-13T09:31:00Z,2017-02-13T10:21:00Z,0 years 0 mons 0 days 0 hours 50 mins 0.00 secs,Sukhoi Superjet-100,3000,12,Business,2721600.00,18900.00,18900.000000000000,18900.00
136857,PG0480,2017-02-13T09:25:00Z,2017-02-13T10:15:00Z,Anapa,Anapa Vityazevo Airport,37.347301483154,45.002101898193,EGO,Belgorod International Airport,Belgorod,36.5900993347168,50.643798828125,Europe/Moscow,Arrived,2017-02-13T09:31:00Z,2017-02-13T10:21:00Z,0 years 0 mons 0 days 0 hours 50 mins 0.00 secs,Sukhoi Superjet-100,3000,85,Economy,45772500.00,6300.00,6335.2941176470588235,6900.00
136861,PG0480,2017-02-12T09:25:00Z,2017-02-12T10:15:00Z,Anapa,Anapa Vityazevo Airport,37.347301483154,45.002101898193,EGO,Belgorod International Airport,Belgorod,36.5900993347168,50.643798828125,Europe/Moscow,Arrived,2017-02-12T09:28:00Z,2017-02-12T10:17:00Z,0 years 0 mons 0 days 0 hours 49 mins 0.00 secs,Sukhoi Superjet-100,3000,12,Business,2494800.00,18900.00,18900.000000000000,18900.00
136861,PG0480,2017-02-12T09:25:00Z,2017-02-12T10:15:00Z,Anapa,Anapa Vityazevo Airport,37.347301483154,45.002101898193,EGO,Belgorod International Airport,Belgorod,36.5900993347168,50.643798828125,Europe/Moscow,Arrived,2017-02-12T09:28:00Z,2017-02-12T10:17:00Z,0 years 0 mons 0 days 0 hours 49 mins 0.00 secs,Sukhoi Superjet-100,3000,85,Economy,40902000.00,6300.00,6331.5789473684210526,6900.00
136869,PG0480,2017-01-31T09:25:00Z,2017-01-31T10:15:00Z,Anapa,Anapa Vityazevo Airport,37.347301483154,45.002101898193,EGO,Belgorod International Airport,Belgorod,36.5900993347168,50.643798828125,Europe/Moscow,Arrived,2017-01-31T09:26:00Z,2017-01-31T10:16:00Z,0 years 0 mons 0 days 0 hours 50 mins 0.00 secs,Sukhoi Superjet-100,3000,12,Business,2721600.00,18900.00,18900.000000000000,18900.00
136869,PG0480,2017-01-31T09:25:00Z,2017-01-31T10:15:00Z,Anapa,Anapa Vityazevo Airport,37.347301483154,45.002101898193,EGO,Belgorod International Airport,Belgorod,36.5900993347168,50.643798828125,Europe/Moscow,Arrived,2017-01-31T09:26:00Z,2017-01-31T10:16:00Z,0 years 0 mons 0 days 0 hours 50 mins 0.00 secs,Sukhoi Superjet-100,3000,85,Economy,45772500.00,6300.00,6335.2941176470588235,6900.00
136871,PG0480,2017-01-13T09:25:00Z,2017-01-13T10:15:00Z,Anapa,Anapa Vityazevo Airport,37.347301483154,45.002101898193,EGO,Belgorod International Airport,Belgorod,36.5900993347168,50.643798828125,Europe/Moscow,Arrived,2017-01-13T09:28:00Z,2017-01-13T10:18:00Z,0 years 0 mons 0 days 0 hours 50 mins 0.00 secs,Sukhoi Superjet-100,3000,12,Business,2721600.00,18900.00,18900.000000000000,18900.00
136871,PG0480,2017-01-13T09:25:00Z,2017-01-13T10:15:00Z,Anapa,Anapa Vityazevo Airport,37.347301483154,45.002101898193,EGO,Belgorod International Airport,Belgorod,36.5900993347168,50.643798828125,Europe/Moscow,Arrived,2017-01-13T09:28:00Z,2017-01-13T10:18:00Z,0 years 0 mons 0 days 0 hours 50 mins 0.00 secs,Sukhoi Superjet-100,3000,85,Economy,45772500.00,6300.00,6335.2941176470588235,6900.00
136875,PG0480,2017-02-16T09:25:00Z,2017-02-16T10:15:00Z,Anapa,Anapa Vityazevo Airport,37.347301483154,45.002101898193,EGO,Belgorod International Airport,Belgorod,36.5900993347168,50.643798828125,Europe/Moscow,Arrived,2017-02-16T09:29:00Z,2017-02-16T10:19:00Z,0 years 0 mons 0 days 0 hours 50 mins 0.00 secs,Sukhoi Superjet-100,3000,12,Business,2721600.00,18900.00,18900.000000000000,18900.00
136875,PG0480,2017-02-16T09:25:00Z,2017-02-16T10:15:00Z,Anapa,Anapa Vityazevo Airport,37.347301483154,45.002101898193,EGO,Belgorod International Airport,Belgorod,36.5900993347168,50.643798828125,Europe/Moscow,Arrived,2017-02-16T09:29:00Z,2017-02-16T10:19:00Z,0 years 0 mons 0 days 0 hours 50 mins 0.00 secs,Sukhoi Superjet-100,3000,85,Economy,45772500.00,6300.00,6335.2941176470588235,6900.00
136887,PG0480,2017-01-20T09:25:00Z,2017-01-20T10:15:00Z,Anapa,Anapa Vityazevo Airport,37.347301483154,45.002101898193,EGO,Belgorod International Airport,Belgorod,36.5900993347168,50.643798828125,Europe/Moscow,Arrived,2017-01-20T09:30:00Z,2017-01-20T10:19:00Z,0 years 0 mons 0 days 0 hours 49 mins 0.00 secs,Sukhoi Superjet-100,3000,12,Business,1814400.00,18900.00,18900.000000000000,18900.00
136887,PG0480,2017-01-20T09:25:00Z,2017-01-20T10:15:00Z,Anapa,Anapa Vityazevo Airport,37.347301483154,45.002101898193,EGO,Belgorod International Airport,Belgorod,36.5900993347168,50.643798828125,Europe/Moscow,Arrived,2017-01-20T09:30:00Z,2017-01-20T10:19:00Z,0 years 0 mons 0 days 0 hours 49 mins 0.00 secs,Sukhoi Superjet-100,3000,85,Economy,37740000.00,6300.00,6342.8571428571428571,6900.00
136888,PG0480,2017-02-14T09:25:00Z,2017-02-14T10:15:00Z,Anapa,Anapa Vityazevo Airport,37.347301483154,45.002101898193,EGO,Belgorod International Airport,Belgorod,36.5900993347168,50.643798828125,Europe/Moscow,Arrived,2017-02-14T09:29:00Z,2017-02-14T10:19:00Z,0 years 0 mons 0 days 0 hours 50 mins 0.00 secs,Sukhoi Superjet-100,3000,12,Business,2268000.00,18900.00,18900.000000000000,18900.00
136888,PG0480,2017-02-14T09:25:00Z,2017-02-14T10:15:00Z,Anapa,Anapa Vityazevo Airport,37.347301483154,45.002101898193,EGO,Belgorod International Airport,Belgorod,36.5900993347168,50.643798828125,Europe/Moscow,Arrived,2017-02-14T09:29:00Z,2017-02-14T10:19:00Z,0 years 0 mons 0 days 0 hours 50 mins 0.00 secs,Sukhoi Superjet-100,3000,85,Economy,37153500.00,6300.00,6334.7826086956521739,6900.00
136900,PG0480,2017-02-01T09:25:00Z,2017-02-01T10:15:00Z,Anapa,Anapa Vityazevo Airport,37.347301483154,45.002101898193,EGO,Belgorod International Airport,Belgorod,36.5900993347168,50.643798828125,Europe/Moscow,Arrived,2017-02-01T09:30:00Z,2017-02-01T10:21:00Z,0 years 0 mons 0 days 0 hours 51 mins 0.00 secs,Sukhoi Superjet-100,3000,12,Business,2721600.00,18900.00,18900.000000000000,18900.00
136900,PG0480,2017-02-01T09:25:00Z,2017-02-01T10:15:00Z,Anapa,Anapa Vityazevo Airport,37.347301483154,45.002101898193,EGO,Belgorod International Airport,Belgorod,36.5900993347168,50.643798828125,Europe/Moscow,Arrived,2017-02-01T09:30:00Z,2017-02-01T10:21:00Z,0 years 0 mons 0 days 0 hours 51 mins 0.00 secs,Sukhoi Superjet-100,3000,85,Economy,45772500.00,6300.00,6335.2941176470588235,6900.00
136907,PG0480,2017-01-16T09:25:00Z,2017-01-16T10:15:00Z,Anapa,Anapa Vityazevo Airport,37.347301483154,45.002101898193,EGO,Belgorod International Airport,Belgorod,36.5900993347168,50.643798828125,Europe/Moscow,Arrived,2017-01-16T09:31:00Z,2017-01-16T10:22:00Z,0 years 0 mons 0 days 0 hours 51 mins 0.00 secs,Sukhoi Superjet-100,3000,12,Business,2721600.00,18900.00,18900.000000000000,18900.00
136907,PG0480,2017-01-16T09:25:00Z,2017-01-16T10:15:00Z,Anapa,Anapa Vityazevo Airport,37.347301483154,45.002101898193,EGO,Belgorod International Airport,Belgorod,36.5900993347168,50.643798828125,Europe/Moscow,Arrived,2017-01-16T09:31:00Z,2017-01-16T10:22:00Z,0 years 0 mons 0 days 0 hours 51 mins 0.00 secs,Sukhoi Superjet-100,3000,85,Economy,45237000.00,6300.00,6335.7142857142857143,6900.00
136922,PG0480,2017-02-11T09:25:00Z,2017-02-11T10:15:00Z,Anapa,Anapa Vityazevo Airport,37.347301483154,45.002101898193,EGO,Belgorod International Airport,Belgorod,36.5900993347168,50.643798828125,Europe/Moscow,Arrived,2017-02-11T09:27:00Z,2017-02-11T10:17:00Z,0 years 0 mons 0 days 0 hours 50 mins 0.00 secs,Sukhoi Superjet-100,3000,12,Business,2268000.00,18900.00,18900.000000000000,18900.00
136922,PG0480,2017-02-11T09:25:00Z,2017-02-11T10:15:00Z,Anapa,Anapa Vityazevo Airport,37.347301483154,45.002101898193,EGO,Belgorod International Airport,Belgorod,36.5900993347168,50.643798828125,Europe/Moscow,Arrived,2017-02-11T09:27:00Z,2017-02-11T10:17:00Z,0 years 0 mons 0 days 0 hours 50 mins 0.00 secs,Sukhoi Superjet-100,3000,85,Economy,35598000.00,6300.00,6345.4545454545454545,6900.00
136927,PG0480,2017-01-22T09:25:00Z,2017-01-22T10:15:00Z,Anapa,Anapa Vityazevo Airport,37.347301483154,45.002101898193,EGO,Belgorod International Airport,Belgorod,36.5900993347168,50.643798828125,Europe/Moscow,Arrived,2017-01-22T09:28:00Z,2017-01-22T10:19:00Z,0 years 0 mons 0 days 0 hours 51 mins 0.00 secs,Sukhoi Superjet-100,3000,12,Business,2721600.00,18900.00,18900.000000000000,18900.00
136927,PG0480,2017-01-22T09:25:00Z,2017-01-22T10:15:00Z,Anapa,Anapa Vityazevo Airport,37.347301483154,45.002101898193,EGO,Belgorod International Airport,Belgorod,36.5900993347168,50.643798828125,Europe/Moscow,Arrived,2017-01-22T09:28:00Z,2017-01-22T10:19:00Z,0 years 0 mons 0 days 0 hours 51 mins 0.00 secs,Sukhoi Superjet-100,3000,85,Economy,45772500.00,6300.00,6335.2941176470588235,6900.00
136936,PG0480,2017-01-02T09:25:00Z,2017-01-02T10:15:00Z,Anapa,Anapa Vityazevo Airport,37.347301483154,45.002101898193,EGO,Belgorod International Airport,Belgorod,36.5900993347168,50.643798828125,Europe/Moscow,Arrived,2017-01-02T09:28:00Z,2017-01-02T10:18:00Z,0 years 0 mons 0 days 0 hours 50 mins 0.00 secs,Sukhoi Superjet-100,3000,12,Business,2041200.00,18900.00,18900.000000000000,18900.00
136936,PG0480,2017-01-02T09:25:00Z,2017-01-02T10:15:00Z,Anapa,Anapa Vityazevo Airport,37.347301483154,45.002101898193,EGO,Belgorod International Airport,Belgorod,36.5900993347168,50.643798828125,Europe/Moscow,Arrived,2017-01-02T09:28:00Z,2017-01-02T10:18:00Z,0 years 0 mons 0 days 0 hours 50 mins 0.00 secs,Sukhoi Superjet-100,3000,85,Economy,39295500.00,6300.00,6332.8767123287671233,6900.00
136937,PG0480,2017-01-03T09:25:00Z,2017-01-03T10:15:00Z,Anapa,Anapa Vityazevo Airport,37.347301483154,45.002101898193,EGO,Belgorod International Airport,Belgorod,36.5900993347168,50.643798828125,Europe/Moscow,Arrived,2017-01-03T09:29:00Z,2017-01-03T10:19:00Z,0 years 0 mons 0 days 0 hours 50 mins 0.00 secs,Sukhoi Superjet-100,3000,12,Business,2041200.00,18900.00,18900.000000000000,18900.00
136937,PG0480,2017-01-03T09:25:00Z,2017-01-03T10:15:00Z,Anapa,Anapa Vityazevo Airport,37.347301483154,45.002101898193,EGO,Belgorod International Airport,Belgorod,36.5900993347168,50.643798828125,Europe/Moscow,Arrived,2017-01-03T09:29:00Z,2017-01-03T10:19:00Z,0 years 0 mons 0 days 0 hours 50 mins 0.00 secs,Sukhoi Superjet-100,3000,85,Economy,38760000.00,6300.00,6333.3333333333333333,6900.00
136951,PG0480,2017-02-02T09:25:00Z,2017-02-02T10:15:00Z,Anapa,Anapa Vityazevo Airport,37.347301483154,45.002101898193,EGO,Belgorod International Airport,Belgorod,36.5900993347168,50.643798828125,Europe/Moscow,Arrived,2017-02-02T09:28:00Z,2017-02-02T10:17:00Z,0 years 0 mons 0 days 0 hours 49 mins 0.00 secs,Sukhoi Superjet-100,3000,12,Business,2721600.00,18900.00,18900.000000000000,18900.00
136951,PG0480,2017-02-02T09:25:00Z,2017-02-02T10:15:00Z,Anapa,Anapa Vityazevo Airport,37.347301483154,45.002101898193,EGO,Belgorod International Airport,Belgorod,36.5900993347168,50.643798828125,Europe/Moscow,Arrived,2017-02-02T09:28:00Z,2017-02-02T10:17:00Z,0 years 0 mons 0 days 0 hours 49 mins 0.00 secs,Sukhoi Superjet-100,3000,85,Economy,41973000.00,6300.00,6330.7692307692307692,6900.00
136953,PG0480,2017-02-27T09:25:00Z,2017-02-27T10:15:00Z,Anapa,Anapa Vityazevo Airport,37.347301483154,45.002101898193,EGO,Belgorod International Airport,Belgorod,36.5900993347168,50.643798828125,Europe/Moscow,Arrived,2017-02-27T09:27:00Z,2017-02-27T10:17:00Z,0 years 0 mons 0 days 0 hours 50 mins 0.00 secs,Sukhoi Superjet-100,3000,12,Business,2721600.00,18900.00,18900.000000000000,18900.00
136953,PG0480,2017-02-27T09:25:00Z,2017-02-27T10:15:00Z,Anapa,Anapa Vityazevo Airport,37.347301483154,45.002101898193,EGO,Belgorod International Airport,Belgorod,36.5900993347168,50.643798828125,Europe/Moscow,Arrived,2017-02-27T09:27:00Z,2017-02-27T10:17:00Z,0 years 0 mons 0 days 0 hours 50 mins 0.00 secs,Sukhoi Superjet-100,3000,85,Economy,45772500.00,6300.00,6335.2941176470588235,6900.00
136956,PG0480,2017-02-04T09:25:00Z,2017-02-04T10:15:00Z,Anapa,Anapa Vityazevo Airport,37.347301483154,45.002101898193,EGO,Belgorod International Airport,Belgorod,36.5900993347168,50.643798828125,Europe/Moscow,Arrived,2017-02-04T09:33:00Z,2017-02-04T10:23:00Z,0 years 0 mons 0 days 0 hours 50 mins 0.00 secs,Sukhoi Superjet-100,3000,12,Business,2494800.00,18900.00,18900.000000000000,18900.00
136956,PG0480,2017-02-04T09:25:00Z,2017-02-04T10:15:00Z,Anapa,Anapa Vityazevo Airport,37.347301483154,45.002101898193,EGO,Belgorod International Airport,Belgorod,36.5900993347168,50.643798828125,Europe/Moscow,Arrived,2017-02-04T09:33:00Z,2017-02-04T10:23:00Z,0 years 0 mons 0 days 0 hours 50 mins 0.00 secs,Sukhoi Superjet-100,3000,85,Economy,45772500.00,6300.00,6335.2941176470588235,6900.00
